u_id,section_1_page_1_kapr,section_1_page_2_kapr,section_1_page_3_kapr,section_1_page_4_kapr,section_1_page_5_kapr,section_1_page_6_kapr,section_10_page_1_kapr,section_10_page_2_kapr,section_10_page_3_kapr,section_10_page_4_kapr,section_10_page_5_kapr,section_10_page_6_kapr,section_2_page_1_kapr,section_2_page_2_kapr,section_2_page_3_kapr,section_2_page_4_kapr,section_2_page_5_kapr,section_2_page_6_kapr,section_3_page_1_kapr,section_3_page_2_kapr,section_3_page_3_kapr,section_3_page_4_kapr,section_3_page_5_kapr,section_3_page_6_kapr,section_4_page_1_kapr,section_4_page_2_kapr,section_4_page_3_kapr,section_4_page_4_kapr,section_4_page_5_kapr,section_4_page_6_kapr,section_5_page_1_kapr,section_5_page_2_kapr,section_5_page_3_kapr,section_5_page_4_kapr,section_5_page_5_kapr,section_5_page_6_kapr,section_6_page_1_kapr,section_6_page_2_kapr,section_6_page_3_kapr,section_6_page_4_kapr,section_6_page_5_kapr,section_6_page_6_kapr,section_7_page_1_kapr,section_7_page_2_kapr,section_7_page_3_kapr,section_7_page_4_kapr,section_7_page_5_kapr,section_7_page_6_kapr,section_8_page_1_kapr,section_8_page_2_kapr,section_8_page_3_kapr,section_8_page_4_kapr,section_8_page_5_kapr,section_8_page_6_kapr,section_9_page_1_kapr,section_9_page_2_kapr,section_9_page_3_kapr,section_9_page_4_kapr,section_9_page_5_kapr,section_9_page_6_kapr
5,1.7424522418394957,2.0661598032236586,1.7603157561836278,1.861552799052797,2.772061851212534,1.5297147167261906,3.095498931895983,3.133165941515089,0.3718294731366667,6.288486229518313,2.192563405446544,6.0033260486159055,1.6460880523380512,2.606511415093663,2.2928351129239966,1.126311958573499,5.2488888421618825,1.4064165553197872,1.4224652194792644,2.3214162720902913,2.4685081836431637,2.2066250742721314,3.8348376246789577,1.9178564924441988,1.5252598708481082,2.1205622043465153,2.278128915186714,3.084075275554476,3.1259732125525757,2.812565106972999,1.6479414278473425,2.191723603643968,2.0421131085970488,1.2361310664112395,2.7055395533878404,2.341380230419617,2.9358169866959662,2.0964606381273065,2.4035756219074136,1.5402161495911502,3.7616693997878405,0.47786928781174076,1.1225149782135047,3.720952194748042,0.918615984405458,0.7894077011724074,2.417898794710389,0.8658749329039193,4.073841468176301,2.9605238756969663,0.06272339699658058,1.0431155538593249,1.5936035290873998,0.7675963742140213,2.0563447967978297,2.357713375067899,2.925136854506224,1.1260087648976533,2.1388338568810825,2.384551463618018
6,2.407727668144335,2.132463951211021,1.479027961863354,1.9949428037663344,1.8402231687158177,2.3452133643763773,0.6520015648210269,4.794221216122744,2.3569023569023564,7.764272913466463,0,3.3576602491076164,1.3963119202089764,3.529054379979427,2.6185654829277496,1.548267017017016,2.2498209318861497,1.0248311972449926,0.45553574965339655,0.5872140522875813,0.9413063042095293,0.14619883040935688,0.9710486272986274,0.5242374727668839,1.0960419335176013,1.2403004180984478,1.2619971430158816,0.34534909534909564,1.6297303374866818,0.6724484665661139,0.7952107952107952,1.2823436084524813,2.1340431383858776,1.241916519694298,2.4051428191660005,1.6246836899010821,2.576859868526534,2.132956402257877,2.657534451957554,1.3157894736842102,1.0528882172104679,0.913978494623656,1.0150691023535845,2.793971755368812,0,0,0.548105576841209,0.7762724856644999,2.452709914611005,1.889057370259932,0,0,0.5416721995671487,0.2056277056277045,1.609351708519665,0.5730269593983586,0,0,0,0
7,2.089460784313728,3.289560706142568,2.9744460159855985,4.764776674762442,2.3507288708901624,4.240801482193365,3.784725169529093,3.3710713109994073,3.3059024707731597,7.81584892021324,2.7777777777777786,8.059148578916268,2.023430342453795,1.9092096235091622,2.057127727578783,0.8265158540893829,3.7801335490526764,3.010492026715381,1.682746137402999,3.5933892617568217,2.0063586710143273,2.1896544813211487,3.596489649878397,1.731032125768965,2.3783752690002697,1.9830610316280808,2.1076421901020717,1.3043024227234747,3.5046350841187803,1.2871120107962226,1.270414234164807,2.8492006135210604,2.4250883804297727,0.7397102985338284,1.9216473815231443,1.5180488459473933,3.5070573504515616,1.1496683737848343,2.9087029538055296,1.5273665776539342,1.721736834788306,1.1374438098576025,2.7329669241433945,10.147493361143741,0.6593231162196673,1.3443419987310241,2.531318082788672,0.40672065927820444,3.716687355974062,4.015932033227941,0.9262161848368766,3.2489923126123834,1.7678571428571426,1.5706564390774909,1.8512844952795926,4.952643798859262,2.1476718807085815,3.3706108706108697,2.5898905956273106,7.08250750325914
8,1.384586756962313,0.5998608261133924,1.040820804698369,0.8152925416990748,2.249659686008791,1.029211593893454,NA,NA,NA,NA,NA,NA,0.43199349362366946,2.168156853792091,1.2796946596288703,1.5418069584736256,2.154824834800105,0.16472024969831967,2.0518695779112432,1.3496476846413588,1.7190862120470878,0,1.4029657068706314,1.464341883749778,NA,NA,NA,NA,NA,NA,NA,NA,NA,NA,NA,NA,NA,NA,NA,NA,NA,NA,NA,NA,NA,NA,NA,NA,NA,NA,NA,NA,NA,NA,NA,NA,NA,NA,NA,NA
9,0.16595179738562127,0.8795328427695167,0.8169840627449064,0,1.3139730639730631,0.3178742402880339,0.001309711366324347,8.231586571140362e-4,0,0.4555007829172516,0.9093915343915344,0,0.9908234126984115,1.4541767373628347,1.3892645411078282,0.06313131313131226,1.5404600283927297,0.5635468914931151,0.8298315623142325,2.4655984674367026,2.1738365746363666,0.3507078507078516,0.8575510587149746,0.9194015444015444,0.40672311255709026,1.1229304980173516,1.1640079293902887,1.8415392321635693e-4,2.3725242051854956,0.43915935939593265,1.3493190551530325,1.0835116288859739,1.329456247063649,0.021043771043770754,0.4062958088151566,0,1.8669412890058674,1.184181289631405,1.0146335337945143,0,0.49404761904761896,1.475316206729604,4.5489724918080805e-4,0.18484470736830477,2.2479478902805226e-4,0,0.43068910256410314,0,0.0015070766981799078,0.0010926899131954992,0,0.7495026996305769,0.4370293162388571,0,0.0010280032987636245,2.064821264278659,8.309839705626931e-4,0,0.28292181069958844,0.6724484665661137
15,1.1211507309999909,0.9275624574339174,1.3943028576739138,0.008648758648759136,1.8262807734974233,1.5419435186931887,NA,NA,NA,NA,NA,NA,0.7510079808357673,1.7782419487308014,0.5034013943762319,0.9286094310035833,2.9057376683655463,1.3141951627672004,0.4863620675500866,1.153549518552198,2.625597738265923,0.9201388888888884,1.5693392255892233,1.2031263755401702,0.4067021780097719,0.870200890216934,2.3861952958277266,0.644319131161236,1.0280977982590886,0.8758758758758756,1.0019761094587776,1.3689747446338227,1.0747447509651988,0.7407407407407409,1.9375954158562858,0.8758758758758756,0.9708476408704402,0.7284553186417224,1.1058780100786627,0.8271329365079367,0,0,4.7878594695983717e-4,2.5303207228042366,1.9772315966217467e-4,0,0,1.7609366612989792,NA,NA,NA,NA,NA,NA,NA,NA,NA,NA,NA,NA
16,1.3914826284617936,2.1188699187997844,1.109013174417393,1.218112051445385,1.6025053037920687,1.6892264554775225,NA,NA,NA,NA,NA,NA,1.7201646923470322,1.876215623973747,2.6185654829277496,2.1027921303656596,2.050335297189868,1.5439179232282685,1.0589354553820933,1.5843049248616583,2.14444431514324,1.3281573040344978,1.706878829197383,1.4001133486427593,0.8252104072415158,1.6969809981534143,1.7032392249912267,0.8419820919820924,1.7551233323693596,1.254868688987847,1.320993092300684,1.4125664218694314,2.13404313838588,1.5581743359521156,2.7790578592096216,1.5890212767876886,0.8638167077924558,1.1746932495544828,1.884198606279019,1.5806450693304157,0.9239062108449054,2.2281736573908573,4.820248740442512e-4,1.3766957807545726,2.3268710002288806e-4,0.7332857606980419,1.092695219850392,1.3497259654773,0.0014535329575413106,0.001064943541536735,0.01929012345678971,0.6037671670111706,0.7829418624021318,0.49135183638107505,NA,NA,NA,NA,NA,NA
26,0.7295800264550258,0.26881720430107536,0,0.011223344556677728,0.19240019240019235,0,0.9298252129134476,0.815390749601276,1.3293650793650797,1.1494846781305113,0.6558641975308639,0.7683745348219044,0.1659517973856209,0.12378688849277075,0.7112949346405234,0,0.7314814814814813,0,0,0,0.94130630420953,0,0.9657067469567466,0.7383200193657715,0.6233076032853567,0,0.7243627344137307,0.5698005698005697,0.40601957793033394,0.7541478129713423,0.7507507507507505,0.35590277777777746,0,0,1.1777283401310095,0,0.4064454064454062,0.272166105499439,0.16595179738562066,0,0.7495026996305774,0.31960227272727293,0,1.3176638176638182,1.1681151294296033e-4,0.7936507936507938,0.8597883597883598,0,0,0,0,2.088122605363985,0,0,0.8912037037037036,0,0.5324543610547671,0,0,0
28,0,0,0,0,0,0,0,0,0,0,0,0,0,0,0,0,0,0,0,0,0,0,0,0,0,0,0,0,0,0,0,0,0,0,0,0,0,0,0,0,0,0,0,0,0,0,0,0,0,0,0,0,0,0,0,0,0,0,0,0
30,0,0.316606929510155,1.1800719950086958,0.7303639846743296,0.30742204655248084,0,0,0,0,0,0,0,0,0.4754585894936767,0.3713207342239602,0.3323412698412698,0.8417508417508425,0,0,0.6349206349206344,1.3212079084647872,0,0.21862139917695428,0.25612484494063464,0,0.2655228758169935,0.6034810470294341,0,0,0,0.4844310035842298,0.7874909222948436,0.5651340996168579,0,0.2546296296296296,0,1.128472222222222,0.15432098765432078,0.54147465437788,0,0,0,0,0,0,0,0.5,0,0,0.8357699805068225,0,0,0,0,0.4822530864197523,0,0,0,0.7692307692307694,0
34,1.5616770915959572,0.260891589103892,0.3715325299125256,0.9217171717171713,2.5087918076335547,2.19162855251565,0.0013233620507707268,0,2.862989995342939,1.9675618703769375,2.4041673347228905,5.933497280751286,0.9178731988863285,2.1704995595753758,1.2840495707352144,1.8633261494252875,2.036017087219483,2.667690297677564,0.8298349749853415,1.7873975079025928,0.6833390867137876,1.799760990937462,1.571805517541006,1.597773141890789,2.2375408006541053,1.2842875967961396,0.5031863960962184,1.733430939580134,2.499476277367748,2.765531717737599,0.5985636807833568,0.6992711547523425,2.20428039283059,0.7954545454545459,2.9803819491794705,1.3320453346028787,1.2080994180585176,1.3036610126139676,1.230791454423498,2.545320172570424,1.646977823990276,1.2904991980284377,0.8174750304056819,4.608675420983218,2.0442133791442885e-4,1.9859307359307354,0.5329060632413333,1.1522684170735142,0.0014493542189616404,0.6787403847198603,2.397763409011286,1.973315191693799,0.37989440393397544,1.2703360329639102,0.0010565906463735342,2.6372479398372954,0,0.8216594827586201,0.49434607540593306,9.500308889334132
41,1.6853472552001945,1.0273225508652035,1.4902117487506485,2.8508771929824563,1.1654330137119984,1.528266340177522,NA,NA,NA,NA,NA,NA,1.1677238252339088,1.4810625455786774,1.4785076275841387,0.019290123456790376,1.1703996486605162,3.5222818975186208,1.4547868183239177,1.890456461584308,0.8219882796830448,0.4040948275862064,1.374421296296294,2.304447304447306,1.9360801235801235,1.1220914381493121,1.0205378222635608,0.9697013538159358,0.4277209668192228,0.42601078273499504,NA,NA,NA,NA,NA,NA,NA,NA,NA,NA,NA,NA,NA,NA,NA,NA,NA,NA,NA,NA,NA,NA,NA,NA,NA,NA,NA,NA,NA,NA
48,1.6773647808130576,0.5314701638231041,2.078657435989779,1.0997233768514723,2.8701835213663855,1.5150655832370892,NA,NA,NA,NA,NA,NA,0.48041292111500905,0.2422868789092698,0.8838383838383841,0,0.727007232251321,2.566697601979861,0.7507507507507505,0.6349206349206347,0,1.1752136752136755,0.33130541407281644,1.5441176470588223,0.16113516113516113,0,0,0,0,0,0.651490013020185,0.739982249035745,0,0.44037940379403784,1.3864899205401002,0,1.115113553839044,0.025793650793649814,2.0912244885220663,1.5552530752167764,0.7600486431131587,4.6219363587388615,0,0,0,0,0,0.15735641227380015,NA,NA,NA,NA,NA,NA,NA,NA,NA,NA,NA,NA
49,1.2644336860170173,0.6865475922966805,0.5171512473017676,2.1385616889504794e-4,5.406050861562761e-4,1.8631967136691157,NA,NA,NA,NA,NA,NA,0.8670613892558515,0.414970838632715,0.24444727108176334,2.3888697779317347e-4,0.2581502135380702,0,0.44960022264266286,4.5423798317094366e-4,4.188385350501478e-4,0.30516105077508593,5.822308408068937e-4,0.05654989208382024,0.20156170190032358,0.1854099799742131,0.2198140681003582,0,0,6.060210605516304e-4,2.7770611168443987e-4,0.10722428163088593,4.7795293692343144e-4,0.5749223980976859,0.491452991452991,0,0.15886850543252629,0,2.117956885663297e-4,1.2762762762762758,8.314479661926111e-4,0.26633522727272724,NA,NA,NA,NA,NA,NA,NA,NA,NA,NA,NA,NA,NA,NA,NA,NA,NA,NA
51,0,0,0,0,0,0,NA,NA,NA,NA,NA,NA,0,0,0,0,0,0,0,0,0,0,0,0,NA,NA,NA,NA,NA,NA,NA,NA,NA,NA,NA,NA,NA,NA,NA,NA,NA,NA,NA,NA,NA,NA,NA,NA,NA,NA,NA,NA,NA,NA,NA,NA,NA,NA,NA,NA
52,0.7721185064935054,0.552636054294875,1.1640055310303874,1.015355612129806,1.1675402523567158,0.05630630630630584,NA,NA,NA,NA,NA,NA,1.3374482099488536,4.5239026010124306e-4,0.5850216356163884,0,0.43068910256410264,0.43182802685726585,0.40672311255709037,0.6723440765396765,0.829629898076181,0,1.618333876398391,0.03124825428746958,0.43199053947320815,0.7897198865148196,0.5031754574760847,1.041666666666666,0.6783507326144291,0.6105743424584,0.5564532152298339,0.7284519059706103,0.2909039307506739,0.019841269841269993,0.6148440931049619,0,NA,NA,NA,NA,NA,NA,NA,NA,NA,NA,NA,NA,NA,NA,NA,NA,NA,NA,NA,NA,NA,NA,NA,NA
55,0.397495528178122,0.6351858130648644,1.3833159969969284,0.07178007178007206,0.8350326053925063,1.1956893374938804,NA,NA,NA,NA,NA,NA,0.6642133204633209,2.199117369606223,2.286521981610864,1.0182151657706089,1.5912535413814188,0.4260107827349944,0.15860877971769938,1.5963011718044582,1.4939622601521023,0.42350589225589186,0.6191167216115002,0.4189243462555271,0.7598397811473744,0.54513533077637355,1.1182842852696555,0.04061078622482173,1.6947191005810627,0.31243115124694065,1.0019761094587785,1.1432803001893754,0.8629723265021414,0,1.4675319990787816,0.5242374727668846,0.9713488192934449,1.3802109703973742,1.7202995808767363,0,0.5558238941293834,0.37963554987212267,NA,NA,NA,NA,NA,NA,NA,NA,NA,NA,NA,NA,NA,NA,NA,NA,NA,NA
59,0.6864756634977224,1.116104673081413,2.3008913866033973,0.7936507936507939,1.645244655563343,1.8099166806063351,NA,NA,NA,NA,NA,NA,1.0443927384622012,2.4050013328270023,2.7542070698434604,1.7250087077673273,2.8982950779840513,2.1853718893192577,NA,NA,NA,NA,NA,NA,NA,NA,NA,NA,NA,NA,NA,NA,NA,NA,NA,NA,NA,NA,NA,NA,NA,NA,NA,NA,NA,NA,NA,NA,NA,NA,NA,NA,NA,NA,NA,NA,NA,NA,NA,NA
61,1.832185269685267,1.9335325950916589,0.8430592198776901,0.8936000617673168,1.569339225589225,0.2681490913664084,0.001294762680635264,8.32434052961295e-4,0,0.28292181069958855,0.5658436213991771,5.156691415882593,0.6947221505561298,0.636321273030716,1.8643341780685105,1.015592001255084,1.1706610814622243,0.958243145743146,0.9706288972324488,1.7076893489834901,1.1413674056406289,0.6685793054327551,0.8417508417508417,0.5213706945249323,1.0049932348210204,0.5846197587996724,1.8473068439338987,0.7059527567340069,0.4060195779303326,0.4384794712302522,1.1211477768495313,1.6298024061668275,1.2009195810165036,0.03268799102132425,1.3106332138590195,0.7057222501063072,0.46139345478661076,1.103958006548871,2.5040306237010745,0.0326879910213238,0.7495026996305771,0.44091005967604424,2.538174139051332e-4,2.5755365281273246,2.1385616889491472e-4,0.0631313131313136,0,0.7435084541062799,0.0010440034911730896,0.15520021960531727,0.03805889222555936,1.018451049088304,1.2643678160919536,0.31787424028803346,0.002529252658485359,0.23009705952499304,7.804954315022705e-4,0.11261261261261257,0.3741644471059749,0.5424379437537331
62,0.6956093674843664,2.2295152131207217,1.7128160775059946,3.241304692917598,2.203356831770872,1.5350339835633982,NA,NA,NA,NA,NA,NA,1.37575075075075,1.1427931387608794,5.079941675043823,0.03003540597525678,1.6526337872104007,1.551670457006714,1.3083964646464632,1.5729181629916953,0.6745896338398472,1.6507044329624976,0.997722321251733,0.6724484665661143,1.5942634314610125,2.326593584104653,3.5701851325853537,0.7170637671531104,3.980987688586009,1.2187199793314865,1.2416247174485477,1.929338100648728,1.7979326293912163,1.729061882759881,1.8606729583741075,1.6851297501872944,1.6561624649859947,0.390625,0.02104377104377131,0,0.5831109742747671,1.2203447687318647,NA,NA,NA,NA,NA,NA,NA,NA,NA,NA,NA,NA,NA,NA,NA,NA,NA,NA
73,0.19184858733773796,0.7938654430009218,0.865731972502806,0,0,0.031758811952049104,NA,NA,NA,NA,NA,NA,0.9853118466929706,1.043916969718636,1.231060550992403,0.018768768768768318,0.597117003367003,0.02893518518518512,NA,NA,NA,NA,NA,NA,NA,NA,NA,NA,NA,NA,NA,NA,NA,NA,NA,NA,NA,NA,NA,NA,NA,NA,NA,NA,NA,NA,NA,NA,NA,NA,NA,NA,NA,NA,NA,NA,NA,NA,NA,NA
77,0.9749561983662844,1.5954218990921802,0.5346035552270605,0.24470899470899488,1.0898671675687321,0.8823853615520285,NA,NA,NA,NA,NA,NA,0.7450319454752304,1.0259835171277318,0.9642831965429904,0.13020833333333326,0.9678531727083175,0.13440860215053752,0.39598084457475546,1.1380371617434908,1.3978718998427277,0.01929012345678993,1.3648361160172264,0.019841269841268883,0.40669599565690817,0.7878635575485295,1.5381496034384583,0,0.6841008908966393,0.6724484665661135,0.34049171274480133,0.3852372635904333,2.2524158089173594,0,0.5976175858897016,0.04948336017176616,0,0,0,0,0,0,0.6717442093796585,0.9559289630996028,2.2479478902774554e-4,0,0.27233115468409574,0.46302696558451023,1.001694501881026,0.8583671325897754,0,0,0.5994746877801765,0.5808001696159594,0.0010472383541206831,2.517634193603867,1.2523854970879094,0,0.38236098308028865,0.7028089013383124
78,0.15860555151529648,0.3451478381546669,0.38200339558573837,0.018274853801169333,2.3008407818142507e-4,0.061516123519035126,0.0013255637740671672,3.850491121763695e-4,0,7.068260876347356e-4,0,0,0.20238970807230217,0.18555190122782897,0.130906750019683,0.019290123456790598,2.481646451883712e-4,0.0192901234567896,0.19538352621750435,0.05386552440562122,0,0.06313131313131304,2.762308848227703e-4,0,2.5381741390486854e-4,0.01825709311832703,0,0.021043771043771236,0.2580476280879022,0,2.5723008501604694e-4,0.23123085021523263,0.38597638015223557,0.03255208333333348,0.02193421206323924,0,0.0010053692594808369,0.15452206748959701,0.05952380952380956,0,2.647743043462498e-4,0,4.708505001029723e-4,0.0010135131337254584,2.326871000233123e-4,0,2.4770704345520163e-4,0,0.0010620225266446425,0.16938470747124554,0.07183908045977001,0,5.530964742330539e-4,0,0.0025301696997883736,6.553178184462618e-4,8.576579306339648e-4,0,6.487201461600367e-4,0.17857142857142735
79,2.567715643662094e-4,2.730824927588138e-4,0.5031660226451038,1.6310053944462544,0.9300889460625774,1.1260337041587039,NA,NA,NA,NA,NA,NA,2.4591306537521555e-4,0.736055975128392,0.255790219252669,0.06313131313131293,0.2577861952861953,0.07417533733323178,0.37869310714351856,2.119612867161887,0.7206472657261982,0.7397102985338284,0.30768702037930096,1.2032568282568283,0.35651868735266545,1.3862806706277357,1.3474662021863142,0.7837301587301582,1.588042483203774,0.7043108745474478,0.22550293133690955,0.604551245691721,1.0782155211925455,0.021043771043771642,1.1752503471611013,1.9273264861500161,0.3509405650815852,0.12423026797695003,1.1208815370301999,0.8333333333333321,0.7159284860897768,1.4317119762558808,2.538174139051332e-4,0,0.6593231162196674,0.9432182607055277,0,0.40672065927820356,NA,NA,NA,NA,NA,NA,NA,NA,NA,NA,NA,NA
81,0,0,0,0,0,0,NA,NA,NA,NA,NA,NA,0,0,0,0,0,0,0,0,0,0,0,0,0,0,0,0,0,0,0,0,0,0,0,0,0,0,0,0,0,0,0,0,0,0,0,0,NA,NA,NA,NA,NA,NA,NA,NA,NA,NA,NA,NA
82,0.37360297452366387,0.2669670561827422,0.10964912280701755,0,0,0,0,0,0,0,0,0,0.19538352621750454,0.06172690006402159,0,0,0,0,0.16141286724684545,0.13437950937950882,2.326871000226105e-4,0.07716049382716089,0,0,0.14891787736828824,0.19504300652961787,0.0782627865961201,0,0,0,2.5723008501646273e-4,0.20342312008978633,0,0,0.5389035280339627,0,0,0,0,0,0,0,0,0,0,0,0,0,0,0,0,0,0,0,0,0,0,0,0,0
85,0.39774846733107916,1.1541488892214598,0.1464126865782509,0.06313131313131315,0.6279004449724903,1.8307196524381188,NA,NA,NA,NA,NA,NA,0.42761539181817876,1.0755431496176855,0.470295366121008,0.09600332962993452,0.43624343327962045,2.3619742325453608e-4,0.541308321204783,0.16345852863194021,0.9891140559418358,0.33691127664874543,0.25831460871998624,0.40302386356947073,2.567715643660392e-4,0.35892099322400295,0.16618448448564418,0,0.4665480652491435,0.2564010758254572,NA,NA,NA,NA,NA,NA,NA,NA,NA,NA,NA,NA,NA,NA,NA,NA,NA,NA,NA,NA,NA,NA,NA,NA,NA,NA,NA,NA,NA,NA
87,1.7134411635024378,6.638562402742101,0.6174395161290338,3.7600273084144056,2.621559699012657,2.666310171981676,2.567715643658095e-4,0,0,0,0,0,2.023430342453794,0.163398692810458,1.8064913264322875,0,0,0,1.2797294843863476,1.8275050598586056,0.7309941520467831,0,0,1.3352826510721254,0.40669599565690845,0.8101851851851856,0,0,0,0,0.436051815362161,0.010214646105573698,0,0,0,0.7095410628019322,5.461649855188255e-4,4.792570799662342e-4,0,0,0,0,9.999938985071344e-4,0.001067851988491575,2.2479478902820427e-4,0,0,0.406720659278204,0.0010971303159123254,4.1995011544793126e-4,0.883838383838383,1.660421418485933,0,0,4.918261307504311e-4,6.272246527885779e-4,0,0,0,0
90,0,0,0,0,0,0,0,0,0,0,0,0,0,0,0,0,0,0,0,0,0,0,0,0,0,0,0,0,0,0,0,0,0,0,0,0,0,0,0,0,0,0,0,0,0,0,0,0,0,0,0,0,0,0,0,0,0,0,0,0
91,0,0,0,0,0,0,NA,NA,NA,NA,NA,NA,0,0,0,0,0,0,0,0,0,0,0,0,0,0,0,0,0,0,0,0,0,0,0,0,0,0,0,0,0,0,0,0,0,0,0,0,0,0,0,0,0,0,NA,NA,NA,NA,NA,NA
93,0.3405126472921214,0.7723629023329919,0.34219413832763085,0.0651041666666663,5.131384720090948e-4,0.019290123456790376,NA,NA,NA,NA,NA,NA,0.3959837987252164,0.5660624967335735,0.4629519981056233,0.018768768768768984,0.36090769034384407,0.02893518518518534,0.4327599125876988,0.537930440384977,0.2619490336872131,0.019290123456789487,0.24381798548424408,0.06127450980392202,0.2254758144367286,0.17361111111111094,2.247947890286206e-4,0,5.018792309959654e-4,0,NA,NA,NA,NA,NA,NA,NA,NA,NA,NA,NA,NA,NA,NA,NA,NA,NA,NA,NA,NA,NA,NA,NA,NA,NA,NA,NA,NA,NA,NA
99,0,0,0,0,0,0,NA,NA,NA,NA,NA,NA,0,0,0,0,0,0,0,0,0,0,0,0,0,0,0,0,0,0,0,0,0,0,0,0,0,0,0,0,0,0,0,0,0,0,0,0,0,0,0,0,0,0,NA,NA,NA,NA,NA,NA
100,0.7189064015043172,1.3332403344658252,1.5869540537472218,1.0990683898370666,1.1760589582247523,1.827850868771585,NA,NA,NA,NA,NA,NA,1.532575993360306,2.0815132901429902,0.7180098335284191,0.34816320385426014,2.1906189874939885,1.7885929119313533,1.6644978792156202,1.630199134329183,1.1640079293902874,2.6608086902204535,1.5096077260055765,1.8379335329279567,1.915399743287876,2.2647992836222812,2.7823901191257985,2.3386186371100175,0.4509379509379503,0,0.3981141053337824,1.7884626493695133,0.5029616013071898,1.4341547429782724,0,0.9623015873015879,0.6630764342584321,1.9373030723639513,1.329959044005169,0.719507101086049,0.9549137568461223,1.7328729631151893,0.12797069238173453,4.802681654329039,2.2479478902859285e-4,2.3694293204275048,0,0.0699081967730737,2.518054119229944,1.6242178408810934,0.8115493789935984,0.7621569876471832,0.40740740740740694,0.9074745034889963,0.737847222222222,0.5541526374859713,4.0884267582963485e-4,0.847888608305275,0,1.0416666666666659
102,0.01007810531620068,1.0013394892840861,0.8709378452852564,0.008648758648758914,1.3750482697119315,2.1655584155584164,NA,NA,NA,NA,NA,NA,0.3935753935753935,1.0027846460536047,0.681267130508117,0.0957854406130263,0.8243727598566307,1.551670457006714,0.0529100529100529,0.5872140522875818,0,0,0,0,0,0.9532076719576722,0,0,0.678350732614429,0,0.04629629629629606,0,0,0.04061078622482117,0.49404761904761907,0,0,0,0,0,0,0,0,0,0,0,0,0,0,0,0,0,0,0,NA,NA,NA,NA,NA,NA
108,0,0,0,0,0,0,0,0,0,0,0,0,0,0,0,0,0,0,0,0,0,0,0,0,0,0,0,0,0,0,0,0,0,0,0,0,0,0,0,0,0,0,0,0,0,0,0,0,0,0,0,0,0,0,0,0,0,0,0,0
110,1.0019790636092383,0.9260883856540276,1.2947702490974038,0.8394195568674745,0.5149300639076984,0.9433666402975867,NA,NA,NA,NA,NA,NA,0.5866765246507852,0.8330141471588836,0.6179744094189215,0.07716049382716006,1.054819023569023,0.06808343431150493,2.505892115028385e-4,0.18929078365352905,0.50296160130719,0.5698005698005699,0.2186213991769547,0,NA,NA,NA,NA,NA,NA,NA,NA,NA,NA,NA,NA,NA,NA,NA,NA,NA,NA,NA,NA,NA,NA,NA,NA,NA,NA,NA,NA,NA,NA,NA,NA,NA,NA,NA,NA
111,0.3863603863603865,1.2553150378921172,0.33662694953017536,0.7905179615705937,0.8602602108036896,0.13440860215053752,2.235201876449505,2.3992707947101675,0.07623224728487799,6.321317172950188,3.9646783150031553,5.98503201138005,0.6155539409067621,2.09939981613369,4.920026130382357,1.566453049930062,2.4931509714118416,0.9226190476190457,1.4547868183239179,1.4827223452104836,3.650697133141621,1.3984066686722425,2.6928416752005453,1.3077039027331434,1.0047360047360039,0.5713923422256764,1.9944092070640067,0.8717956625643404,1.8932511163472168,0.16190724710545687,1.3620205026455017,2.608743234491355,1.2036993193525145,0.2814604377104377,2.1268309050567105,0.8680315926692734,1.5004767481648091,2.193671736806876,1.8694520796397731,0.8890993265993277,0.9644497895776682,0.44091005967604513,0.586685823754789,3.0925478432989486,0.582437275985663,0.06313131313131248,0.7215906821132524,0.7435084541062811,1.9792920823300073,1.495145224825107,0.11818709735376398,1.0460083683122887,1.2643678160919536,0.625296286840515,0.47286591404238365,1.7935092021614478,1.437991021324355,0.11261261261261302,0.7692307692307697,0.5424379437537333
112,0.3632680976430982,0.163921188630491,0.9496205280357758,0.008648758648758165,0.20750801735521596,0,NA,NA,NA,NA,NA,NA,0.42060875144272925,0.8942695945611752,1.0593173319129567,0,0.25778619528619506,0,0.16113516113516113,0.07464702050928629,2.326871000226105e-4,0.07716049382716011,2.4816464518823134e-4,0.20562770562770522,2.538174139052052e-4,0.12805612589272544,0,0,2.3135126738052514e-4,0,0.15835496230379434,0.5419810997572625,0.8360231386547173,0,0,0.40672065927820367,NA,NA,NA,NA,NA,NA,NA,NA,NA,NA,NA,NA,NA,NA,NA,NA,NA,NA,NA,NA,NA,NA,NA,NA
119,0.8476108246328837,1.2102729870487519,1.919408148146725,0.049996850592088915,2.7943652208358074,0.05630630630630673,0.0013097113663248778,3.954463193251989e-4,0.16878858024691312,0,0,4.1098514362890235,0.5347201194145812,1.0945367269381139,1.2093335989701475,0.06313131313131226,0.8524397413286302,0.62909799751905,0.43199053947320837,1.4555967715570786,1.4550335885302799,0.11261261261261257,1.248334166250207,0.919401544401544,0.9931428656435113,0.7993274618416413,1.9278968182791767,0.01984126984126977,1.0896057347670247,0.8071247273613016,0.7510284568624348,1.190493610867955,1.4430926107000144,0.021043771043771198,0.4060195779303335,0.5738406473700584,0.8445445695309731,1.1841812896314037,1.3859542680184744,0.021043771043771642,0.7765830346475506,0.5531726579520693,4.5489724918041947e-4,2.3125095766721717,0,0.018274853801169222,0,0.4260107827349944,0.0010982340223525838,0.16708010143378033,0.920096127531472,1.6695988271620488,0,0.4620927318295738,0.001028003298764012,1.0988286162767218,8.30983970563153e-4,0.01876876876876854,0,0.9860433114109607
121,0.5702361591970733,1.189293989609825,0.7959778189724607,0.5175264550264544,1.0974517239761135,0.976041610294495,NA,NA,NA,NA,NA,NA,0.6052909724152722,0.48109393195742056,2.1385616889446624e-4,0.9856630824372765,1.67223186546858,1.9842208230015541,0.8623420480100014,0.6351217147559103,0,0.985663082437276,0,1.428571428571429,1.0240049302549294,2.651781442291057e-4,0,0,0,0,2.538174139051332e-4,0,2.016358163866263e-4,0,0,0,NA,NA,NA,NA,NA,NA,NA,NA,NA,NA,NA,NA,NA,NA,NA,NA,NA,NA,NA,NA,NA,NA,NA,NA
122,0,0,0,0,0,0,NA,NA,NA,NA,NA,NA,0,0,0,0,0,0,0,0,0,0,0,0,0,0,0,0,0,0,0,0,0,0,0,0,NA,NA,NA,NA,NA,NA,NA,NA,NA,NA,NA,NA,NA,NA,NA,NA,NA,NA,NA,NA,NA,NA,NA,NA
125,3.4254680475426813,2.3446676319772397,4.820647221112555,4.96179746179746,2.242961322111999,6.057969703350576,NA,NA,NA,NA,NA,NA,2.9552056289664064,4.99631906363788,2.7090301088603708,9.323026976756806,3.818654276846667,9.098976809142625,3.050038071010448,4.2153550389042165,3.144566568279526,6.517929194079516,5.337274630182911,5.806098158047184,3.0687756575180534,3.2752084072789005,2.5899515243535975,3.8735665414141645,3.8388597648281553,4.899256577855643,2.2555803167362303,2.3409142629572717,1.583804810734077,4.096425306015828,3.2808819762035473,6.203976325720838,1.302083333333333,1.1188271604938285,1.8148615343824064,1.0416666666666665,0.6894936670673797,1.7617161598939095,NA,NA,NA,NA,NA,NA,NA,NA,NA,NA,NA,NA,NA,NA,NA,NA,NA,NA
127,0.8996086860670183,0.9439194054844244,2.922762072971547,0.9856630824372756,1.7902505760368637,1.9713145811527557,NA,NA,NA,NA,NA,NA,0.7450319454752293,1.0115159245351384,0.5703794727727807,0,0.6138260516438627,0.13440860215053796,0.8172430994767171,0.5105722913129354,0.66128040357433715,1.209766313932982,1.3645796159098893,0,0.7596763486372609,0.4467790892545795,0.8911258377577166,0,0,0.6724484665661133,0.3404917127448027,0.45580883214615664,0.11261261261261224,0.013778659611992983,0.5971170033670027,0.019290123456790598,0.0010597081142507403,4.792570799669882e-4,1.168946468074681,0,0,0.26156793398172706,2.7770611168431714e-4,0.4978965117678147,0,0.9856630824372761,0.9803921568627452,0.4067206592782038,1.6557787564919864,0.8280066762688598,0,0.2218808670421571,2.5097548963897413e-4,0.256124844940634,NA,NA,NA,NA,NA,NA
130,0,0,0,0,0,0,NA,NA,NA,NA,NA,NA,0,0,0,0,0,0,0,0,0,0,0,0,0,0,0,0,0,0,0,0,0,0,0,0,0,0,0,0,0,0,0,0,0,0,0,0,NA,NA,NA,NA,NA,NA,NA,NA,NA,NA,NA,NA
131,0.795210795210796,1.7576287421742287,1.0423935895817813,2.1287849935295724,2.148042929292929,1.5525372571212976,NA,NA,NA,NA,NA,NA,0.8880859284085085,1.133477542669089,1.6980197293670714,1.4527972214464162,2.022839389989147,0.386904761904761,0.9706288972324494,2.03711849704611,1.7139561161316768,1.279334318697114,1.3744212962962958,1.4285714285714288,0.5982905982905975,1.6868980351202234,1.78286029511235,0.011223344556678061,1.581222787077509,1.1984544220264601,0.5864197530864201,1.6966717918466614,0.2911055665670604,0,1.3106332138590222,0.8162020480861047,0.3983328489717728,1.775223429981568,1.7470800391642831,1.679292929292931,0.21494708994709022,1.2355334645935663,0,0.882046901638101,0.6720430107526881,0.7938762626262625,0.5612148651197884,0.7145732689210947,NA,NA,NA,NA,NA,NA,NA,NA,NA,NA,NA,NA
132,0.782453383374073,2.5672311788868996,0.8329337223531443,1.8189964157706096,1.2696966217852201,0.8758758758758756,1.0181098072950787,4.2771233779070883e-4,0.07716049382715928,0.9269179894179889,1.8538359788359777,2.618220899470899,1.589973462474108,2.4680366333951027,1.3218175532226901,1.1494252873563227,1.388049161486662,0.9357401992635923,0.9159823718163509,1.429919834115433,1.9505983698689797,1.5142124651533257,3.1401168320048756,0.2368759599151753,1.054393792084793,1.5736003578952908,1.4472279756026778,0.2591076940035282,2.1693535971952103,0.9429163852960019,0.6904205453873751,1.5979597983923206,1.9537607363433795,0.0604520560660915,1.3573575289870217,1.2266474252967208,1.92457269117471,0.9176346597930619,1.5646869167997735,0.3012265512265504,0.7122269944388863,1.2892765801972956,0.18173117909148861,0.3708944122708311,2.040341762894471e-4,0.7893299783980781,0.9147986144513922,0.6483881209758406,0.0010904894423986087,0.6637753903939907,0.1451646959459456,0.9179295740111144,0.7330246913580247,0.5688724438724437,0.9115633254375456,2.465871349869028,1.7600040389155183,0.018768768768769206,0.5719396344396348,1.0769682269042853
141,0,1.3862546134262979,1.0421830749155236,0.9171365914786955,0.597117003367003,0,NA,NA,NA,NA,NA,NA,0.4563492063492056,1.1973905723905731,2.579862324811079,0.039682539682539986,1.170399648660518,0.8630952380952381,2.7308249275941277e-4,1.1730292058508194,1.035144751937921,0.008648758648758248,2.5145265309738987,0,0.7596829895107762,1.4316748632303846,1.7826562609360592,0.8605723180076628,0,0.406720659278204,0.5866735705003249,1.1588515877731569,1.8266780066440491,0,0.755931046253628,1.0069488013328594,NA,NA,NA,NA,NA,NA,NA,NA,NA,NA,NA,NA,NA,NA,NA,NA,NA,NA,NA,NA,NA,NA,NA,NA
147,0.20238675392184133,0.7284680499713265,0.10798529349366637,0.4513888888888886,1.1311077220102466,0.9074745034889959,NA,NA,NA,NA,NA,NA,0.7719136659053375,0.6029541446208128,0.16615583156190958,0.938336343934068,0.9675328994084358,1.1101154918359226,0.23002904718913397,2.1456479023880997,1.9998777002064951,0.7610830527497203,0.4549285903701183,0.01984126984126977,2.5058921150244995e-4,1.3218808349585456,0.021268565832799746,0.7195071010860483,1.2156824656824652,0.9074745034889964,0.4319934936236692,1.1380535768909008,0.7534534851106645,0.7397102985338289,0.43194154185533395,1.5180488459473969,0.5130238833455912,0.8882106341043917,1.3670151282417518,0.7610830527497188,0.8103187321937317,0.8758758758758765,2.777061116846502e-4,2.4361884055862792,0,0.4040948275862071,1.9526143790849673,0.9264939491921572,0,0,0,NA,0,0,NA,NA,NA,NA,NA,NA
149,2.136292372673496,5.270962318409756,3.905180835846924,2.531458983071886,3.3074371162606453,4.449497668786462,NA,NA,NA,NA,NA,NA,1.9703186643881285,4.130407321245765,2.7257330365519823,1.3710379658655505,2.9542546448252915,5.164953215628642,NA,NA,NA,NA,NA,NA,NA,NA,NA,NA,NA,NA,NA,NA,NA,NA,NA,NA,NA,NA,NA,NA,NA,NA,NA,NA,NA,NA,NA,NA,NA,NA,NA,NA,NA,NA,NA,NA,NA,NA,NA,NA
151,0,0,0,0,0,0,0,0,0,0,0,1.5376984126984126,0.6944444444444449,0,0,0,0.5389035280339625,0,0.38314176245210796,0.9037378392217098,0,0,0,0,0.4064454064454062,0,1.0379233930414276,0,0.1741553465691394,0.40672065927820433,0,0,0.10777477882741039,0,0,0,0,0,1.0562865497076017,0,0,0,0,0,0,0,0,0,0,0,0,0,0,0,0,0,0,0,0,0
153,1.2465048964805643,1.1488350170374333,1.1208094849576846,0.12122088945005571,0,0.06990819677307414,NA,NA,NA,NA,NA,NA,0.985311846692971,2.8237465920795293,1.231060550992403,0.47756903061524847,0.6828104726565635,0.028935185185186008,1.4437240999740997,1.4738228008290672,2.44145269003055,0.019290123456790376,1.2041984668263441,0.573840647370059,1.320986909947823,0.8003317249481889,1.7057443314639995,0.11261261261261257,1.7377645502645505,0.13440860215053796,0.9911011188100975,1.1479230018211446,0.9014379272523145,1.0039379362384453,1.9224467433576633,1.2766510750381714,1.5202199176414504,0.8726811488384583,0.6054093095739332,0.01984126984126977,1.0595048453471387,0.019290123456790376,NA,NA,NA,NA,NA,NA,NA,NA,NA,NA,NA,NA,NA,NA,NA,NA,NA,NA
157,0,0,0,0,0,0,0,0,1.8259099616858239,0,0,0,0,0,0.20833333333333334,0,0,0,0,0,0,0,0,0,0,0,0,0,0,0,0,0,0,0,0.4208754208754213,1.0889292196007256,0,0,0,0,0,0,0,0,0,0,0.4830917874396135,1.2254901960784328,0,0,0,0,0,0,0,0,0,0,0,1.2254901960784315
160,1.001722292044872,0.45545063560451315,0.4003862958150194,0.032552083333332815,0.4815773931216204,0.056547920021420506,NA,NA,NA,NA,NA,NA,0.9931219310961916,2.0305637547962103,0.3715325299125265,0.09021577380952417,0.8419864504467205,0.9712837837837833,1.133015393851306,1.5996529285589707,1.927896818279177,0.06313131313131404,0.40624966200851453,0.25612484494063414,0.38339899253712395,0.70973272064442,0.03261249533836705,0.06510416666666696,0.5340501792114694,0.019841269841270215,2.7308249275941277e-4,0.5971245837637428,0.5031863960962175,0.1126126126126128,0.749502699630578,0.5125661375661372,0.4614511325783075,4.542379831703469e-4,0.018261061770549702,0,0,0.2615679339817273,2.5677156436618886e-4,0.0010678519884935733,2.24794789028376e-4,0,0.9806249800370951,0.4067206592782038,NA,NA,NA,NA,NA,NA,NA,NA,NA,NA,NA,NA
162,0,0.09689922480620172,0,0.8960573476702508,0,0.7632632632632635,NA,NA,NA,NA,NA,NA,0.22522522522522523,1.2324793465144344,0,0,0.3739316239316236,1.2235617896055224,0,1.7357334024000697,0.5045486663133727,0,0,0.031248254287470134,0,0.3166069295101559,0.502961601307189,0.2738864942528729,0,0.6105743424584004,0,0,0,0,0.5555555555555551,0,0,0,1.3109700684129793,0,0.20689655172413793,0.37963554987212245,0,NA,NA,0,0,0,NA,NA,NA,NA,NA,NA,NA,NA,NA,NA,NA,NA
165,0.39749552817812317,0.843340084131512,0.6493742878854418,1.1574074074074063,0.4370172178912798,1.05085867795734,NA,NA,NA,NA,NA,NA,0.2663321285128555,0.8342312954026053,0.930065481063538,0.3909750224014332,2.046214082881531,0.06990819677307347,0.5821699671677755,0.6602901084511269,0.8302438651094295,0.8333333333333326,1.069339225589225,0.9415584415584419,2.5677156436587634e-4,0.45922683340954473,1.118051598169632,0.059523809523810645,1.5895603704223313,0.07095783411572898,NA,NA,NA,NA,NA,NA,NA,NA,NA,NA,NA,NA,NA,NA,NA,NA,NA,NA,NA,NA,NA,NA,NA,NA,NA,NA,NA,NA,NA,NA
167,0.20213293650793684,0.5000281301714444,0.2884450798968097,0,0.001183926349502512,0,NA,NA,NA,NA,NA,NA,0.4606453156121445,0.001144953342660071,0.5703794727727804,0,0,0,0.1659517973856209,0.342388454002818,0.22002586378892472,0,0,0,0.2713675213675217,0.3187637431951732,5.631815603410011e-4,0.04061078622482134,3.0229400217138817e-4,0,0,0.12378688849277071,1.9252455608877173e-4,0,2.870389348151184e-4,0,NA,NA,NA,NA,NA,NA,NA,NA,NA,NA,NA,NA,NA,NA,NA,NA,NA,NA,NA,NA,NA,NA,NA,NA
173,1.529577558585487,4.701901281733317,3.1375247347140145,3.2518854454267103,1.7697644401181423,2.857913398074415,0.001230242842465601,8.127614499668923e-4,1.6666666666666652,1.972586240474097,3.945172480948194,8.190989890551295,1.6131337748391834,1.6346460997593777,1.2310605509924026,0.7704170256691283,1.0884853764195341,2.5299366928736053,0.406702636530423,1.6192100810736452,1.5436498946123467,0.02992891881780757,1.953195735984905,0.09823373793962009,1.3209869099478238,0.9007659007659012,2.2847144477664347,0.6349206349206367,2.141654641654639,0.8382066276803117,1.0697751322751323,0.6516744968229529,1.920516454372443,0.9856630824372761,1.1550739781624335,2.184701040910191,1.0478675467278005,1.459634357624552,0.8686834721196086,0,1.9470283135157693,0.6724484665661139,1.0757158101049535,0.0010456559390834563,1.9772315966239888e-4,0,0.9806431323523837,0.6105743424584007,0.0015693598906517002,0.6473467881333552,0,0,1.3835470085470085,0.7145732689210946,0.0010220949978429154,2.60726438945013,1.1972921904522675,0,0,0.2615679339817272
179,0.2502042483660135,0.6223105255480537,4.03346393453247,0.9920634920634916,1.9371836533846905,1.5939679732783176,NA,NA,NA,NA,NA,NA,0.20237884957331162,1.479700135965221,2.6583721912631058,1.541498655913978,2.010771609815423,1.4764696136724993,0.661765769248438,1.8615793546456596,3.3007166694440953,0.8652825463170277,0.6831601034499588,0,0.9931428656435111,0.8939772403577011,0.6839225589225584,0.8680555555555554,0.5555555555555536,1.3211939914305653,0.5985683044022818,1.0835116288859736,1.8750918418850104,0.29461279461279455,0.4060195779303344,0,5.13543128731619e-4,1.3999109634107063,2.4242895383602123,0.9259259259259252,0.49404761904761924,0.5242374727668841,0.6717203206818793,0.18434521641473833,0.9418901660280967,0,0,0.4067206592782039,NA,NA,NA,NA,NA,NA,NA,NA,NA,NA,NA,NA
185,2.0470766569259173,1.650891539411461,1.602614242610966,0,1.8262807734974236,3.008385909017866,NA,NA,NA,NA,NA,NA,1.6130769463530092,2.0485272190160715,1.33651972942955,0,3.766277591405468,0.8507388462631429,0.4606419029410338,1.8248149419848936,2.173960540024312,0,1.5693392255892222,0.6680420473523925,0.40670217800977176,1.508056437863834,1.9111857727059376,0.6443191311612368,1.02809779825909,0.6290979975190494,1.0019761094587776,1.8143625175499392,1.7801793975892646,0.4555351568043138,1.4672838344335912,2.322256897420295,NA,NA,NA,NA,NA,NA,NA,NA,NA,NA,NA,NA,NA,NA,NA,NA,NA,NA,NA,NA,NA,NA,NA,NA
190,0.046296296296295836,0.6144432002275129,0.8387689308741941,2.820711908355586,1.2650896441731299,3.3575487694372255,NA,NA,NA,NA,NA,NA,0.7475549142215804,1.0454441594792465,0.5410546741191915,0.9555811571940592,1.3941562116434776,2.376089970259218,0.5383306693790559,1.9722521008583507,1.486664558296437,1.5985838779956407,1.561599828748304,0.9885209142736857,1.5201772354250818,1.520932769041372,1.4754526426852406,0.06510416666666785,2.7370905677357262,1.4679157647907628,1.4694860787128334,1.5450666798706014,0.9306311756402508,0.11261261261261257,2.3841911950293433,0.5720899470899474,2.4800640114530546,2.0586783270112634,0.5877918377918387,0.01827485380117011,1.5580250057374236,0.028935185185186008,NA,NA,NA,NA,NA,NA,NA,NA,NA,NA,NA,NA,NA,NA,NA,NA,NA,NA
191,0.22522522522522523,2.4060865805677016,2.0040446340553073,2.367972842677925,1.351746632996631,1.3538441692466483,NA,NA,NA,NA,NA,NA,0.4317367220593031,0.8622418501450761,2.0043518079274705,0.645342312008979,2.8521295308734915,0.8225108225108224,0.38341484494486733,1.2885688667562853,2.115004075435552,0.27388649425287426,1.418778801843317,0.43182802685726607,1.0047360047360046,1.0881331699346406,1.3751372311392864,0,0.8174615841999251,0.40672065927820467,1.0987103174603174,0,0.7671957671957681,0,0,0,NA,NA,NA,NA,NA,NA,NA,NA,NA,NA,NA,NA,NA,NA,NA,NA,NA,NA,NA,NA,NA,NA,NA,NA
192,0.5347309779135715,1.2354202989116678,1.8444745375984772,0.008648758648759136,0.7082055257806094,0.01211517487528524,7.784585673406008e-4,1.2146490330499837,0,0.3811570491651154,0.7592592592592589,0.7847038019451815,2.777061116842061e-4,1.1213104429189136,1.0310077989080444,0.018274853801169444,0.021701388888889284,0,0.9417463323713318,4.5423798317045794e-4,0.6123234451407826,0.9748536101432443,1.2072587466557692,0,1.0302811377638061,0.6546196734368763,0.9440525181265922,0.06510416666666696,0.7561094396909507,1.5367167073571935,0,0.1547554571903044,1.9537607363433804,0,0.5558540119138692,0.40672065927820444,5.46164985519404e-4,0.5728545377624279,1.0270525081976243,0.8101851851851851,2.3282317435062064e-4,0.37963554987212283,0.5866858237547887,4.845992978096403e-4,2.0403417628911402e-4,0,0,0.2561248449406344,0.0012487429067235545,0.14357239118529133,0,0,2.68338573827834e-4,0,0.780682643427741,2.234389868387548,1.4116753716928208,0,0.3474578309180999,0.7145732689210954
197,1.0444006428107324,3.6921140827793515,1.2950630647602064,0.3323412698412689,1.5679162838188074,0.8633982725881673,NA,NA,NA,NA,NA,NA,1.0739467891286725,2.153190816918827,1.5151473364104189,2.5296519199002887e-4,1.6711130207908784,1.5326714155575862,0.9853088925425088,2.3902248768392442,1.3994598063467931,2.3851003816144356e-4,2.6791137903204807,0.4422514619883038,0.4066959956569083,1.758285911165813,0.4079478587620916,0.5847953216374271,0.7695330632329411,0.6724484665661139,NA,NA,NA,NA,NA,NA,NA,NA,NA,NA,NA,NA,NA,NA,NA,NA,NA,NA,NA,NA,NA,NA,NA,NA,NA,NA,NA,NA,NA,NA
200,0.7189064015043165,0.911906544823337,1.6593301531309925,0.03255208333333437,1.2777097491011766,1.3039094081293574,NA,NA,NA,NA,NA,NA,0.9931219310961916,0.8012905584399941,0.7180098335284208,0.4513888888888884,1.966741557734205,1.2055147252515672,1.133015393851306,0.12846617605303834,1.927896818279177,1.094276094276094,1.5096077260055747,0.6290979975190498,1.1338925132028574,0.8564349762454397,1.837524799260481,1.31555316091954,0.5340501792114685,1.3467482952777075,1.5576917238741244,1.199919361684068,0.3657218708124206,0,0.7495026996305771,0.5125661375661372,NA,NA,NA,NA,NA,NA,NA,NA,NA,NA,NA,NA,NA,NA,NA,NA,NA,NA,NA,NA,NA,NA,NA,NA
202,0.5299412164481129,1.945253304939364,0.390024948077756,0.02994635423313463,0.5361341196403778,0.085124417913089,NA,NA,NA,NA,NA,NA,2.7770611168398407e-4,0.5024045151960965,0.8871038897629318,0,0.2801074846565784,0.9164500758068006,2.7770611168481674e-4,0.6891251349874001,0.2424160680779712,0,0.4145292240875371,0,NA,NA,NA,NA,NA,NA,NA,NA,NA,NA,NA,NA,NA,NA,NA,NA,NA,NA,NA,NA,NA,NA,NA,NA,NA,NA,NA,NA,NA,NA,NA,NA,NA,NA,NA,NA
207,0.6452532502310027,1.7966119528619524,1.850716763077093,0.08680555555555625,1.854105353607725,3.176699533088719,NA,NA,NA,NA,NA,NA,0.44372957516339884,0.6361476787722007,9.963334927465262e-5,0.4385964912280693,0.21494708994709022,1.851851851851852,0,0,0.38404882154882125,1.5753051327505752,0.21306818181818166,0,0,0.2877356523189859,0.10964912280701766,0,0,0,0,0.05710169372408508,0.24290524290524318,0,0.3796296296296296,0.7632632632632634,0,0,0.23211455032032713,0.04340277777777779,0.6633986928104578,0,0,0,1.5070242656449555,0.7070707070707071,0,0,0,0,0.5555555555555556,0,0,0.7632632632632635,0,0,0,0,0,0
209,0.7361941389355562,1.413311023878884,0.9316847007295768,0.04999685059208847,1.822373082691768,0.05630630630630584,NA,NA,NA,NA,NA,NA,0.736853055922517,0.6510040671598152,0.3286997220621557,0,1.289577416133023,0.25612484494063437,0.14891787736828804,0.9243446182158277,1.925245560885358e-4,0,0.5840514086391149,1.0418943705041561,2.7770611168442816e-4,0.7320807032283236,0.16615583156191105,0,0.816430514372042,0.379635549872123,NA,NA,NA,NA,NA,NA,NA,NA,NA,NA,NA,NA,NA,NA,NA,NA,NA,NA,NA,NA,NA,NA,NA,NA,NA,NA,NA,NA,NA,NA
210,0,0,0,0.056116722783389444,0,0,NA,NA,NA,NA,NA,NA,0,0.02670940170940171,0.08960573476702537,0,0,0,0,0.15651304713804695,0,0.7070707070707071,1.1826026125778837,0,NA,NA,NA,NA,NA,NA,NA,NA,NA,NA,NA,NA,NA,NA,NA,NA,NA,NA,NA,NA,NA,NA,NA,NA,NA,NA,NA,NA,NA,NA,NA,NA,NA,NA,NA,NA
211,0.5114489489489493,0.8597359251429024,3.018931526403064,3.0669727697858358,1.2951678621968497,0.5766600641388422,NA,NA,NA,NA,NA,NA,0.9416870472186065,2.066067985926856,1.6978058731981767,0.7610830527497194,1.871044489930358,0.9226190476190488,1.4547868183239188,3.2459504859291397,2.7064628786312985,0.8605723180076641,2.160171220655093,1.3077039027331403,1.0240049302549292,1.7936705680321265,1.6690198972996972,0.043775427890011986,1.039509651075579,0.42601078273499304,1.146867941458585,2.2813629025960567,1.4918235117671785,0.021043771043770754,1.3106332138590213,0.6700981519822096,1.5373340154142348,2.3621766387676635,1.939121318873246,0.021043771043770754,0.9129013924410332,0.37963554987212245,0.564236111111111,0.7679701217477104,0.6720430107526881,0,0,0.7435084541062802,NA,NA,NA,NA,NA,NA,NA,NA,NA,NA,NA,NA
213,0.6233076032853557,1.7785646220577358,0.40817017017395135,0.09877873563218431,1.1954811305764703,0.08237688526833242,NA,NA,NA,NA,NA,NA,0.8172460536271778,0.3725403677275736,0.6519883388556746,0.030860692625399366,0.6995910188844965,0.4242544441286974,0.40670263653042243,0.3906249999999999,0.29090393075067394,0,0,0,NA,NA,NA,NA,NA,NA,NA,NA,NA,NA,NA,NA,NA,NA,NA,NA,NA,NA,NA,NA,NA,NA,NA,NA,NA,NA,NA,NA,NA,NA,NA,NA,NA,NA,NA,NA
214,0.5702423415499351,1.3781692005765116,1.4962881418775926,0.011223344556678283,2.221187321149289,0.6105743424584009,0.0013233620507694505,4.032716327744268e-4,0,0.38212815990593807,0.7642563198118761,5.008172605426607,0.56161315686433,1.0928480089217678,0.32467532467532534,0.4040948275862073,1.1703996486605188,2.311282574440469,0.8298349749853422,1.415142985938766,1.2207596391470434,0,0.8784895071960098,1.8025438613673908,1.0999746630879668,1.33574388145135,0.9955738031508079,0,0.6120071684587804,0.0731619808417186,0.40671848893816615,1.3785616881700113,2.204280392830591,0,1.591253541381418,0,1.677676137635237,1.3034565912760536,1.8508747260805547,0.7662835249042148,0,0,4.815663533937362e-4,3.597780026003518,2.0442133791457462e-4,0,0,0.26156793398172673,6.441280667464746e-4,0.29372238702836717,0,0,0,0.428033532253482,0.0010565906463745334,2.76635140227409,4.080683525788942e-4,0,0.49404761904761907,0.8630952380952386
223,2.7021326021082688,4.857798703944897,5.256895525959808,4.681037648572717,4.345106553750321,4.780759051841611,0.9823966745567632,10.215438812553035,5.690111293559574,0.8630952380952377,0,5.8598210595101445,2.2926243210576733,3.7298598472795925,3.507449220741765,4.976810912375929,3.513497505095453,3.9605361133463677,4.137326793576793,5.434416085457751,2.887653423167494,7.401094276094278,5.384138844618931,3.875250418568835,3.605335035830729,2.6478204729911363,3.9164366917552322,5.0810955522754,4.864718614718618,5.080068915683661,2.2602513227513237,3.0696873615766562,2.08493586610368,2.9885424862313146,3.5258143082502924,3.031931887424323,3.1031526354113854,3.593438398522069,1.3866247925954194,1.8610715979137011,2.0181261971136526,1.9508575574752038,2.2320356607398057,1.997546024763766,1.977231596628215e-4,1.1904761904761907,2.3276143790849666,5.262829981556144,0.89234490572288,1.1875791070211612,1.0416666666666663,0.15432098765432034,1.3354700854700843,2.440689537463731,1.2929527317749705,1.2215923901487065,1.196864478114478,0,0,1.6436485440035131
225,0.8786681350787026,1.9954016205110159,1.541017510569593,2.7731868183257062,1.8265678124322382,2.496519509429298,NA,NA,NA,NA,NA,NA,1.6994114650364647,2.274412444901299,1.6924631568927728,0.3426035358216968,3.148419866692906,0.43847947123025266,1.506640303654346,1.227742301078314,1.1226415259281426,0.9217171717171713,1.5695693096674068,1.613362274906502,NA,NA,NA,NA,NA,NA,NA,NA,NA,NA,NA,NA,NA,NA,NA,NA,NA,NA,NA,NA,NA,NA,NA,NA,NA,NA,NA,NA,NA,NA,NA,NA,NA,NA,NA,NA
232,0,2.0107983527539895e-4,0,0,0,0,NA,NA,NA,NA,NA,NA,0.22550293133690946,0.05952380952380909,0,0,0,0,2.7770611168443987e-4,0.25567740987300897,0.829397210976158,0,0,0,0.44253121407638235,0.12849453778947134,0,0,0,0,0.4606453156121454,0.18808171504324928,0,0,0,0,0.588274677443133,0.08444816666784305,0,0.05611672278338897,0,0,0.1279677382312734,0.05438800201442135,0,0,0,0,NA,NA,NA,NA,NA,NA,NA,NA,NA,NA,NA,NA
233,2.3121457910609724,4.374064298454618,2.052309662603781,3.001696147124241,1.6195475075436687,5.520627902324274,NA,NA,NA,NA,NA,NA,2.7187908162172842,2.7317169917778754,1.6023812852163597,5.359079715697366,1.904683067617226,2.01485514552665,1.3326285624563499,2.3206269039602385,3.2037751628793405,2.8977272727272716,2.9250739103562515,1.894646747587923,2.83905151092651,0.7825254571419227,1.0879817177336457,0.03968253968253865,2.315234183521773,2.3617540312503524,0.6568287037037026,0.053863289330373654,1.2947580287448943,0.985663082437276,1.155309586858313,0.5805437790731913,1.9099365122450416,0.5409322876778324,0.3657218708124206,0,2.009756344727817,0.9074745034889959,NA,NA,NA,NA,NA,NA,NA,NA,NA,NA,NA,NA,NA,NA,NA,NA,NA,NA
239,0.5872140522875818,0.3317135962912302,0.1077747788274106,0.01377865961199265,0,0.08350525591904923,NA,NA,NA,NA,NA,NA,0,0.061274509803921566,0,0,0,0,0,0,0,0,0,0,NA,NA,NA,NA,NA,NA,NA,NA,NA,NA,NA,NA,NA,NA,NA,NA,NA,NA,NA,NA,NA,NA,NA,NA,NA,NA,NA,NA,NA,NA,NA,NA,NA,NA,NA,NA
242,1.1044597763347752,0.9917114602477128,1.163803895214,0.008648758648759136,0.8671222795249509,0.011887471037797859,NA,NA,NA,NA,NA,NA,0.5864197530864192,1.2615212051933906,1.0292154710660661,0,0.5971170033670026,1.562701983818179,0.852047258297258,1.6625430442832414,1.3339458772895307,0,1.879829399990692,0.2056277056277045,1.690417277614859,1.2334264140379736,0.20833333333333215,1.041666666666666,0.2723311546840961,0.6105743424584,0.5340990099228415,1.7674871290423626,0.4651591819523513,0.6046365914786955,0.8629776021080375,0.40672065927820444,0.5872140522875818,1.8088310593054429,1.8565532923346753,0,0.6436781609195402,0.37963554987212267,0.24112654320987614,0.21367521367521214,0,0.021043771043771475,0,0.27541496839742446,1.4770446666998378,1.6863154058996659,0.10439116379310298,0.7820547829639102,0.2829218106995882,0.5688724438724432,0,0.9240160710748968,1.2348790322580645,0.01876876876876865,0,1.1637737824598446
243,0,0,0,0,0,0,NA,NA,NA,NA,NA,NA,0,0,0,0,0,0,NA,NA,NA,NA,NA,NA,NA,NA,NA,NA,NA,NA,NA,NA,NA,NA,NA,NA,NA,NA,NA,NA,NA,NA,NA,NA,NA,NA,NA,NA,NA,NA,NA,NA,NA,NA,NA,NA,NA,NA,NA,NA
249,0,0,0,0,0,0,NA,NA,NA,NA,NA,NA,0,0,0,0,0,0,0,0,0,0,0,0,0,0,0,0,0,0,0,0,0,0,0,0,0,0,0,0,0,0,0,0,0,0,0,0,0,0,0,0,0,0,NA,NA,NA,NA,NA,NA
250,0.7189064015043185,0.45545063560451293,1.5376149839886402,0.03255208333333348,1.0265189225489075,0.43626317755600563,NA,NA,NA,NA,NA,NA,0.9931219310961917,1.3247372348249544,1.145243585881646,0.05952380952380931,1.3759021327098755,0.5462617222485627,0.5827254060613192,1.0572409117537709,1.4433736136721311,0.09602741996034592,1.8065466884256114,0.3918516750825791,1.134149743287874,1.3155649165431282,1.3366957508938238,1.5370569923371644,0.534289698120634,0.01984126984126977,1.3014202856470405,1.6006494154135775,0.3854748377886832,0.15598581775052445,1.7319362568581698,0.572089947089947,0.15886259713160367,0.9972725229427961,1.784600006848585,0.030035405975256335,6.121828970631637e-4,0.2615679339817276,NA,NA,NA,NA,NA,NA,NA,NA,NA,NA,NA,NA,NA,NA,NA,NA,NA,NA
252,0.8288819526126954,1.8995646204022267,2.7638001649443042,2.4170517853313545,1.1703431727654543,1.6762268804752463,NA,NA,NA,NA,NA,NA,1.6049951466618155,2.28013698483858,3.234909989488408,1.1296200270791958,2.621409635018506,2.7498505052217235,1.3613065175565187,2.3178676579411883,1.236207962614496,0.13668430335096904,2.7748570917451363,2.072169240487654,1.5942634314610107,1.5825054395875884,0.9440525181265931,0,1.9315132879591468,1.1101154918359208,1.2339731559871994,0.7598192749811541,2.161818663195418,0.04061078622482173,2.0874996304156714,1.1940153614146576,3.0081662346065614,1.3173996076925394,1.2978751126887527,0,0,0.3796355498721229,0.7902803097405907,1.5716999050332385,0.5984322390572394,0.05144032921810693,0.16037581699346404,0,1.9884936156487854,1.191792368273179,0,0.7727648780651695,0.7407407407407408,0.9623015873015863,NA,0,NA,0,0,0
254,0,0,0,0,0,0,NA,NA,NA,NA,NA,NA,0,0,0,0,0,0,0,0,0,0,0,0,0,0,0,0,0,0,0,0,0,0,0,0,NA,NA,NA,NA,NA,NA,NA,NA,NA,NA,NA,NA,NA,NA,NA,NA,NA,NA,NA,NA,NA,NA,NA,NA
258,1.5418226044616468,0.82851868386085,0.6745139742002968,0.018274853801169222,0.49404761904761885,1.1502037294046472,0.0013255637740682718,7.88320744949722e-4,0.16113516113516024,7.185567274885507e-4,0,0.8136389871303652,0.8883426999728753,1.3466729152900176,0.8932292228684736,0.03173267062155993,0.7765830346475511,0.01929012345679082,0.08988344087870916,0.32247830736878247,0.7148854391835067,0.07178007178007217,0.8417508417508408,2.3619742325386994e-4,0.2300290471891347,0.6895225165510253,0.20853775467124752,0.021043771043771198,0,1.4019218798630553,0.19182811131107047,0.02716720826136143,1.1962722833512676,1.0182151657706096,0.3821281599059374,0.05630630630630584,0.20313830576741895,4.6625797950539116e-4,0.7622587845622119,0.09877873563218409,1.117724867724866,0.2563719633612105,0.4458586234162173,0.9950222277306715,0.1604890973564348,0.01929012345678993,0.4114420062695929,4.872470686211601,1.0484616915923533,1.5288545225109222,1.2459596295803184,0.8819565820844608,0.9310344827586206,0.05952380952380887,0.0010698723934013377,1.3805029207263937,8.576579306337985e-4,0.018768768768768436,0,0.40536071786071814
261,2.5058921150275396e-4,2.4974547678359774e-4,0.11282312727886948,0,2.762308848227703e-4,0,0,0,0,0,0,0,2.7770611168443987e-4,2.53158147894942e-4,2.1385616889460805e-4,0,0,0,0,0,0,0,0,0,0,0,0,0,0,0,0,0,0,0,0,0,0,0,0,0,0,0,0,0,0,0,0,0,0,0,0,0,0,0,0,0,0,0,0,0
262,0,0,0,0,0,0,NA,NA,NA,NA,NA,NA,0,0,0,0,0,0,0,0,0,0,0,0,0,0,0,0,0,0,0,0,0,0,0,0,NA,NA,NA,NA,NA,NA,NA,NA,NA,NA,NA,NA,NA,NA,NA,NA,NA,NA,NA,NA,NA,NA,NA,NA
265,0,0,0,0,0,0,NA,NA,NA,NA,NA,NA,0,0,0,0,0,0,0,0,0,0,0,0,0,0,0,0,0,0,0,0,0,0,0,0,0,0,0,0,0,0,0,0,0,0,0,0,0,0,0,0,0,0,NA,NA,NA,NA,NA,NA
266,2.5301585067210066,0.9680134680134671,2.1051466625632287e-4,0.4214678295560651,0.3886963791546145,0.8266524646302442,0.40878017873816186,0,0,0,0,0,2.1085616244452865,0.4113813786082347,0.6979364326375701,0.029975551394089917,0.4722370607787273,0.6442556806485663,2.3262669608691335,6.680562236122678e-4,0,8.463474802089532e-4,0.4501429138919717,0.0011402638570569001,2.701692476413231,0,8.807551768554855e-4,0.006881210064730747,0.0026213030209550903,0,2.4531206148853224,0.0012783426834963585,4.337034246040261e-4,0.008358887028694917,3.202732998821567e-4,3.285680369012889e-4,2.1800971019721023,0.7135853268810218,0.0010903080289186295,0,0.0038647342995172806,0,2.2477217887611274,5.590199042579957e-4,0,0.004058441558442171,0.0016078323698707209,0.009571386372846075,0.7971535819318081,0.0012783426834968026,0,0,1.3409961685823752,7.618185006105227e-4,2.9448621553884724,0,0,0,0,0
268,0,0,0,0,0,0,NA,NA,NA,NA,NA,NA,0,0,0,0,0,0,0,0,0,0,0,0,0,0,0,0,0,0,0,0,0,0,0,0,0,0,0,0,0,0,0,0,0,0,0,0,0,0,0,0,0,0,NA,NA,NA,NA,NA,NA
271,0.7507507507507507,0.48886459266748794,0.45133368084318587,2.106307435254804,1.0509259259259263,0.6599252761533472,0.0012947626806332213,6.081989247311828,0,2.4286987522281644,0,3.110410830999065,0.4563492063492074,1.1652343836129928,2.138834099004627,0,0.8524397413286302,1.5773809523809526,0.5874871347803411,2.4959809454692263,0.8394867454573713,0.5698005698005706,0.6864478114478105,0.43182802685726607,1.004736004736003,0.6723560965360114,1.2339231778570015,0,1.1886102403343783,0.8507388462631433,1.1506558641975309,0.8255388402753518,1.8266780066440511,0,0.5623390200003103,0.917996389010882,0.38913556133850513,1.103958006548871,1.2197293447293442,0,1.3144841269841274,0.9519749928957093,2.178890169082237e-4,1.0787190294715923,0,0,0.8912802245969125,9.487078724630997,2.118617366537258,1.2137542140283366,0,1.0312116545213226,2.4770704345520163e-4,3.0257291540252993,5.135431287310865e-4,3.9155145840410857,0,0,0,0.6290979975190498
273,0,0,0,0,0,0,NA,NA,NA,NA,NA,NA,0,0,0,0,0,0,0,0,0,0,0,0,0,0,0,0,0,0,0,0,0,0,0,0,0,0,0,0,0,0,NA,NA,NA,NA,NA,NA,NA,NA,NA,NA,NA,NA,NA,NA,NA,NA,NA,NA
274,0.5702423415499357,1.062989760993731,0.6597955720486575,0,1.5775091602297486,0.04948336017176613,NA,NA,NA,NA,NA,NA,0.9178731988863312,1.4559828360034637,0.5701960846518266,0.28766515386486624,1.1062970845579527,0.014651527809422582,0.43199395214431996,0.7878578463916,2.1385616889513237e-4,0,2.983293556084732e-4,0.9728066958459115,0.4606448570914948,1.238457655132864,0.8296220057651859,0,2.649738268207247e-4,0,0.40671848893816615,0.6992711547523431,0.6610670886958376,0,1.5915144261059726,0.05061807331628265,0.751750211709312,0.757821670641133,0.5856641406945318,0.011631089217295942,2.584228967452695e-4,0,4.8156635339358214e-4,0.0010307642833264788,2.0442133791457462e-4,0,0,0,6.441280667447453e-4,6.820939880741576e-4,0,0,0,0,0.0010565906463730684,0.04060482236084417,7.931174647546335e-4,0.6172839506172839,2.5097548963897413e-4,0
276,0,0,0,0,0,0,0,0,0,0,0,0,0,0,0,0,0,0,0,0,0,0,0,0,0,0,0,0,0,0,0,0,0,0,0,0,0,0,0,0,0,0,0,0,0,0,0,0,0,0,0,0,0,0,0,0,0,0,0,0
280,1.864048029126481,2.4189582608768427,0.46515918195235173,0,1.9205730648078236,1.9866937358776773,0.0012839924124661284,5.914828917935878,0,2.509754896393712e-4,5.019509792787424e-4,1.295484080571801,1.9190478570221174,0.5458119917149342,0.5376344086021501,0.9856630824372761,0.8417508417508408,0.05654191500218575,1.9950843593685474,1.37502314111264,1.4943796614164344,1.9360269360269358,1.4655244232774725,0.2561248449406337,1.1341497432878742,0.7097327206444204,1.8377386554293764,1.1205494929453257,0.5340501792114694,0.5440787426081548,0.587487134780341,1.312386522143962,0.86868347211961,1.1904761904761907,1.3466197029975806,0.572089947089947,0.46145113257830683,1.9375562305118474,0.5051805313576687,1.7807269610808636,0,1.3794323387676384,0.1060768773844708,0.0010678519884933513,2.2479478902820427e-4,0,0.9806904862183533,0.4067206592782044,0.001061549426117608,8.421824791168228e-4,0,0.6367771280051979,0,0.6105743424584,9.994609585595486e-4,6.633931455986009e-4,8.298720083405257e-4,0,0,0.8630952380952381
282,0,0,0,0,0,0,NA,NA,NA,NA,NA,NA,0,0,0,0,0,0,0,0,0,0,0,0,NA,NA,NA,NA,NA,NA,NA,NA,NA,NA,NA,NA,NA,NA,NA,NA,NA,NA,NA,NA,NA,NA,NA,NA,NA,NA,NA,NA,NA,NA,NA,NA,NA,NA,NA,NA
283,0.9837962962962967,0,1.6361036834285736,0,0.6334900731452459,1.2203447687318654,0,0,0,0,0,0,0.15873015873015883,0,0.8152958152958151,0.01876876876876877,0,0,0.815295815295815,0,0,0,1.4219576719576719,0.061274509803921795,0,0,0,0,0,0.13440860215053763,0,0.12757786195286175,0,0,0,0.21366271858010655,0,0,0,0.01984126984126984,0,0.01929012345679028,0,0,0,0,0,0,0,0,0,0,0,0,0,0.1937984496124031,0,0,0,0
284,0.3317488611606259,1.7645356753812647,0.14619883040935622,0,1.991302263678023,0.05630630630630584,NA,NA,NA,NA,NA,NA,0,0.06152766795181619,0.07350470430107542,0.06510416666666696,1.544331272592141,0.31243115124694076,0.3980982529260393,0.7072178854506819,0.5378482647710454,0,0,0,0.4606448570914948,0.635364014404815,0,0,1.3106332138590189,0.5242374727668846,2.730824927589526e-4,0.6320668536770747,0.21981406810035842,0,0.8417508417508415,0.8387445887445883,NA,NA,NA,NA,NA,NA,NA,NA,NA,NA,NA,NA,NA,NA,NA,NA,NA,NA,NA,NA,NA,NA,NA,NA
285,0,0,0,0,0,0,NA,NA,NA,NA,NA,NA,0,0,0,0,0,0,0,0,0,0,0,0,0,0,0,0,0,0,0,0,0,0,0,0,0,0,0,0,0,0,0,0,0,0,0,0,0,0,0,0,0,0,NA,NA,NA,NA,NA,NA
291,0.22522522522522523,0.8114089344139509,1.0421830749155223,0.491999675113711,1.0971170033670024,0.7553606237816761,NA,NA,NA,NA,NA,NA,0.8880859284085092,0.2852182539682544,1.6978058731981753,0,1.0851556745276547,0.23148148148148184,0.5872140522875818,0.6349206349206352,1.1134075385340414,0.008648758648758581,0.84175084175084125,0,0.4064454064454063,0.587214052287582,0.2940867003366999,0,0.17415534656913945,0,0,1.1394575717492377,1.0205701674292502,0,0.5340501792114702,0.6700981519822097,NA,NA,NA,NA,NA,NA,NA,NA,NA,NA,NA,NA,NA,NA,NA,NA,NA,NA,NA,NA,NA,NA,NA,NA
292,0.7723752780578719,0.9047922581385288,0.9484054787570722,0.9217171717171713,2.762308848222872e-4,0.8758758758758756,NA,NA,NA,NA,NA,NA,0.5866974591981046,1.8968814004096264,4.3073531687594477e-4,1.3512949039264832,0.6884752978502986,1.0064412238325282,2.2908165694834892e-4,1.1742424242424248,0.5045486663133727,0,0.84175084175084125,2.462423197717316,NA,NA,NA,NA,NA,NA,NA,NA,NA,NA,NA,NA,NA,NA,NA,NA,NA,NA,NA,NA,NA,NA,NA,NA,NA,NA,NA,NA,NA,NA,NA,NA,NA,NA,NA,NA
295,1.120893959435626,2.260265630631192,0.8684586773305818,0.00864875864875847,1.6703873940222895,2.1485289288533944,NA,NA,NA,NA,NA,NA,1.207099957099956,2.692838991340593,1.921788983526576,0.9563577586206886,2.3513021844945765,0.9074745034889968,0.8582291083681519,1.1531025256515455,0.5847953216374269,0.021043771043770754,0.4999999999999998,0,1.0047360047360046,0.41666666666666696,1.5434380989237804,0,0.4940476190476188,0,0.7186496299399523,0.6051587301587309,0.671258718133719,0,0.827912274923144,0,0.9703558147396897,0.7282021604938274,0.5537816735733405,0.063244047619048,0.5555555555555554,0,0,0.7536606373815675,0,0,0,0,NA,NA,NA,NA,NA,NA,NA,NA,NA,NA,NA,NA
296,0.39723875661375674,0.20424836601307117,4.40548084681981,2.6757372345607657,0.6132756132756114,0.1573564122737996,2.2847522847522854,0,0.8081896551724137,0.28292181069958877,0.5658436213991775,0,1.1190334719746489,0.7587075234134049,0.8565254058612699,0,0,1.1874938599076528,0.15835496230379434,0,0,0,0,0,0,0.20820156019397046,0,0,0,0,0.16113516113516113,0,0,0.021043771043770892,0.5340501792114695,0,0,0,0,0,0,1.5593918726911056,0,0.3294159544159531,0,0,0,0,0,1.9779945709577895,0.985663082437276,0,7.268271916440749e-4,1.8630681642377542,0,2.448292448292449,4.192514474772534,1.936026936026936,0,2.824675324675327
298,1.3007311046799372,6.544119600506408,5.465548512588162,7.0384325769178915,5.486055496711932,5.8948129257401805,4.556363764143648,5.808080808080809,0,5.371732026143794,6.181379007465964,3.933910306845002,0.4317367220593031,0.8417508417508417,0.407723063973064,0.9856630824372754,1.329471182412359,2.2941468253968265,0,1.5786422095720003,0,1.6666666666666665,3.2942816474225616,1.8870772946859908,0,0,0,0,0,0,0,0,0,0,0,0,6.920882936507933,6.881626282667953,6.5491250263546235,5.545945503125628,8.801082567529942,9.778294083234293,0,0,0,0,0,0,0,0,0,0,0,0,0,0,0,0,0,0
304,0.5699855699855698,1.2263412309368191,1.2551860770943217,1.4590347923681257,1.187288708586883,0,0,0,0,0,0,0,0.5344742063492058,0,0.2489048187972922,0,1.2862484737484736,1.5166214656876793,0,0.45553574965339694,1.5361291989129502,0.09578544061302718,1.2640507640507646,1.5983743924920393,0,0.07419278252611594,0,1.3016411997736277,0,0,0,0,0.8719715956558066,0,0,0,0,0,0,0,0,0,0,0,0,0,0,0,0,0,0,0,0,0,0,0,0,0,0,0
306,0.534724795560708,1.7070450945780817,1.2469796543859746,0.8180975092739793,0.5733415301275772,1.337765701750556,NA,NA,NA,NA,NA,NA,2.567715643658095e-4,1.4587599560026034,0,0.7397102985338271,0.6148440931049626,0,0.4606448570914948,0.16392118863049165,0.6517556517556514,0.8333333333333333,0.6654330137119988,0.8586711711711712,0,0.9646351175150187,1.165390960220182,0.7954545454545459,0.21330379051406045,0.9712837837837838,0.5699855699855698,1.4125664218694312,0.4653839767413783,0.7954545454545454,0,0.9628851540616252,0.8633022476224206,1.174693249554485,0.9106846652802529,0.7477678571428585,0.7495026996305776,0,NA,NA,NA,NA,NA,NA,NA,NA,NA,NA,NA,NA,NA,NA,NA,NA,NA,NA
309,1.677723488385252,2.9852021194953893,2.171117563837363,0.9291261307390336,2.7943652208358083,0.8863853906957371,NA,NA,NA,NA,NA,NA,0.9910693257637886,1.5432859147223912,1.57684858565228,0.06313131313131226,1.449556744695632,1.494930508088402,0.43199053947320815,2.042609744009384,2.254504363637491,0.04061078622482128,1.2483341662502072,1.041666666666667,1.7075642336059003,1.473235629344852,1.927896818279178,0,1.089605734767023,0.37963554987212333,0.22550293133690932,1.6941067441250521,2.1021909321306507,0.011631089217296164,0.4060195779303344,0.5125661375661372,1.8669412890058656,1.8554467130641024,2.670508810341682,0,0.2218808670421577,0,0.6928016698882276,0.3482434001787631,0.5651340996168581,0,0,0.40672065927820356,1.4677593904209802,1.2847653911688441,0,0.7719493887439326,0.6436781609195394,0,NA,NA,NA,NA,NA,NA
310,0.6637715244568938,1.5893363624984955,0.5731478169486555,1.276276276276276,0.30742204655248084,0.05630630630630673,NA,NA,NA,NA,NA,NA,0.4069030731987338,2.5315814789517166e-4,0.7177980378398536,0,0.34045815295815307,0,0,0.6349206349206349,0,0,0,0,0.3831417624521076,0,0.871971595655807,0,0,0.8387445887445897,0.3978410228410231,0.8671349213467767,0,0.11261261261261268,0.7495026996305774,0.059523809523809756,NA,NA,NA,NA,NA,NA,NA,NA,NA,NA,NA,NA,NA,NA,NA,NA,NA,NA,NA,NA,NA,NA,NA,NA
312,0,0,0,0,0,0,NA,NA,NA,NA,NA,NA,0,0,0,0,0,0,0,0,0,0,0,0,0,0,0,0,0,0,0,0,0,0,0,0,0,0,0,0,0,0,0,0,0,0,0,0,NA,NA,NA,NA,NA,NA,NA,NA,NA,NA,NA,NA
315,1.7144786155202842,1.618370716914647,2.2684052398548538,1.6837329337329336,1.6022045736677588,2.9240241287149735,0.7367096530187249,2.9573980899876555,0,6.984695230517479e-4,0,4.461005150660323,0.5107007092784959,1.0159575354431967,0.470295366121008,0.03255208333333348,1.575009618719915,0.4067206592782038,0.38838400949292917,0.576197495121741,1.2015645993333899,0,1.0693392255892245,1.2602059706632411,1.8670617418176105,1.7687766204590147,1.900011975698326,0.6294143542706774,1.6124627338468502,1.019388108203899,1.0019761094587774,1.5291442635816828,1.074744750965198,1.0416666666666663,1.5537742397218781,0.5242374727668846,0.9713488192934444,0.7286504739681416,2.2606861040178976,0,1.636754449254449,0,0.5874917583992663,0.00106785198849213,0.8357699805068222,0,1.0416666666666674,0.7145732689210953,1.2223196858384453,0.6114649253286716,0.985663082437276,0.9803921568627452,0,0.6724484665661138,0.0010597081142520036,0.8223180709112338,1.3190543007919135,0,2.3282317435062064e-4,0.4422514619883045
317,0.766369047619048,0.537634408602151,1.134469773925514,1.9412442396313359,1.276234567901235,0.14880952380952372,NA,NA,NA,NA,NA,NA,0.3537180124946311,1.1728515025373838,1.4475241629907356,1.464023321233948,0.5481055768412089,0.5662366290078045,0.39598084457475513,1.5589125826189112,1.6334500302862982,0.7610830527497203,0.5509768361945798,0.6737329434697839,2.132271157594432,0.9130158202193164,1.0005151948363067,2.0717316361684723e-4,0.3741793309750796,0,0.14892083151874808,1.7015742845055362,1.3767127865252669,0.7397102985338284,0.6656686224078775,0.6298644659151915,0.7518104588649976,1.2442061889108846,1.470539592436676,0.7610830527497203,0.021949553534076766,0.3178742402880338,0.6717442093796592,2.4361884055862753,2.2479478902774554e-4,0.40409482758620663,0.9806683877475679,1.2825965351540793,0.7957112280498916,1.017811812615638,0,0.7765830346475502,0.8531746031746033,0.5808001696159601,NA,0,NA,0,2.3282317435062064e-4,0
318,0,0,0,0,0,0,NA,NA,NA,NA,NA,NA,0,0,0,0,0,0,0,0,0,0,0,0,0,0,0,0,0,0,0,0,0,0,0,0,0,0,0,0,0,0,0,0,0,0,0,0,NA,NA,NA,NA,NA,NA,NA,NA,NA,NA,NA,NA
320,0,0,0,0,0.0010599511773224488,0,NA,NA,NA,NA,NA,NA,0,2.1742043837658415e-4,2.1385616889504794e-4,0,0,0,2.567715643658095e-4,0,0,0.11574074074074045,0,0,NA,NA,NA,NA,NA,NA,NA,NA,NA,NA,NA,NA,NA,NA,NA,NA,NA,NA,NA,NA,NA,NA,NA,NA,NA,NA,NA,NA,NA,NA,NA,NA,NA,NA,NA,NA
323,0,0,0,0,0,0,NA,NA,NA,NA,NA,NA,0,0,0,0,0,0,0,0,0,0,0,0,0,0,0,0,0,0,0,0,0,0,0,0,0,0,0,0,0,0,NA,NA,NA,NA,NA,NA,NA,NA,NA,NA,NA,NA,NA,NA,NA,NA,NA,NA
329,0.8177074491412737,0.5813302283904318,1.5974666349510795,1.531478332073569,1.449975949975948,0.21834334334334377,NA,NA,NA,NA,NA,NA,0.5347201194145805,1.454449819855594,0.5378670957021732,1.1047979797979788,1.0674285847896958,0.6886218070428587,0.9959728331704147,1.8140959738289462,1.5279404791788704,0.11261261261261168,0.7889994396741011,1.1872586872586859,0.9931428656435104,1.3860558758387072,1.9278968182791771,0.5471380471380458,1.9097115548728472,0.43915935939593265,0.7510284568624355,1.3194184916310727,1.7972817209714413,0.011631089217297053,0.774609321520076,0.5125661375661372,0.4609016286558605,0.45553574965339716,0,1.276276276276276,0,0,NA,NA,NA,NA,NA,NA,NA,NA,NA,NA,NA,NA,NA,NA,NA,NA,NA,NA
337,0.20238675392184116,0.027141867624637384,0.10798529349366656,0,0.3512544802867383,0,NA,NA,NA,NA,NA,NA,0.02688172043010756,2.531581478954492e-4,4.19032456304147e-4,0,0,0.43182802685726657,2.538174139051332e-4,2.608435014873448e-4,0.37153252991252556,0,0,0,0.40669599565690845,0.7284519059706104,0.5034002522651144,0,0,0,0.4319934936236688,0.27805086027053716,0,0,0.2577861952861946,0.6105743424584006,0.5710452780998208,4.7925707996732966e-4,0.5034286156239788,0,0,0,4.787859469597099e-4,0.18493220704498473,0,0,0,0,2.5723008501646273e-4,4.256149157207791e-4,0,0,0,0,NA,NA,NA,NA,NA,NA
341,1.3618365831504375,2.6410173176092613,1.1207808003219308,1.5230436794921824,1.1657677343211075,2.6581781866994434,NA,NA,NA,NA,NA,NA,2.1178312987788788,2.3036272407558505,2.819195289179624,1.1591885315003587,2.402542215344145,2.238982082732083,NA,NA,NA,NA,NA,NA,NA,NA,NA,NA,NA,NA,NA,NA,NA,NA,NA,NA,NA,NA,NA,NA,NA,NA,NA,NA,NA,NA,NA,NA,NA,NA,NA,NA,NA,NA,NA,NA,NA,NA,NA,NA
350,1.0019790636092383,1.4647480332533054,1.8795655707348298,0.04819204980842873,0.17415534656913945,0.48364581013238306,0.23276547389395008,8.504233122246241e-4,0,0.814153439153438,1.628306878306876,5.7393547168976795,1.098340786315047,0.801290558439995,0.9091669385146768,0.09021577380952417,0.8417508417508417,1.439292911332383,0.8231032517819072,1.1463967443173653,1.424935216971987,0.6655497280497289,1.401224011754839,0.2710234911706335,1.5834212830441285,0.7710072304483424,1.842210456776177,0.013778659611992872,0.5340501792114694,0.035728043447317503,2.7308249275960483e-4,1.4219046424147697,0.5316736681980405,1.870816485447513e-4,1.3466197029975802,0.9623015873015877,0.46145113257830817,0.9974736027780728,1.0925421399215973,0,0,0.29050311916691207,2.567715643658095e-4,0.18015665354149435,2.247947890283759e-4,0,0.9803921568627445,0.4676991569574693,0.0010615494261167198,0.14329232492925836,0,0.7450866222796035,0,2.7884327816598513,9.994609585617376e-4,0.19446184275800182,8.298720083401712e-4,0.9856630824372756,0,0.5937161796536807
351,1.6331034529563961,1.7182363118295643,0.20221834737963684,0.6833054859370642,0.7300084175084175,0.13440860215053707,0,2.956989247311827,0,0,0,0.028935185185185182,0.3507969964623184,0.4935515873015872,0.38576586548598013,0.019290123456790376,1.3913432693625927,0.2083333333333348,0.35752267861167514,0.7506613756613758,0.7799035053173646,0.06510416666666652,0.1924001924001928,0.48244266994266943,0.16113516113516108,0.43206504144004165,0.02104377104377104,0.03255208333333348,0.40601957793033283,0.01929012345678993,0.3972387566137565,0.9972385973677965,0.10777477882741082,0.021043771043770643,0,0.059523809523809756,1.5786063825552141,0,0.5207678691134578,0.021043771043771198,0,1.53325931512206,0,0.7674239567621908,0,1.2536075036075043,0,0.02893518518518512,0,0.23444919278252604,0.11818709735376359,0.03805889222555858,0.20689655172413793,2.820467526349879,0,0.22938662644545027,0,0.11261261261261304,0,0.28631309881309874
352,0.7723752780578734,3.0169623790170967,2.828263897112727,0.8960573476702505,0.86773175247318,3.305847572595937,NA,NA,NA,NA,NA,NA,1.3374482099488554,4.745650512138452,4.765885971763645,1.0933202654764393,0.9668771231839152,1.9228912996393284,0.40672311255709054,1.1742424242424248,0.2989184696567724,0.8960573476702507,0.001723895337391923,0.7541478129713424,NA,NA,NA,NA,NA,NA,NA,NA,NA,NA,NA,NA,NA,NA,NA,NA,NA,NA,NA,NA,NA,NA,NA,NA,NA,NA,NA,NA,NA,NA,NA,NA,NA,NA,NA,NA
354,1.1571996222731524,0.4171415891038912,0.664155211056168,0,1.7844057119538859,0.056306306306307174,7.771970652522115e-4,3.9544631932434933e-4,0.08680555555555633,0,0,0,0.9447549193164374,0.6595020573120598,0.5701960846518263,0.013778659611993094,1.170399648660518,0,0.4319939521443194,1.2810990582901889,1.0408098660782352,0,0.4060195779303326,0.8780761721938183,1.0470646101779146,1.1729984230069648,0.503186396096218,0.9856630824372763,0.7765830346475497,0,0.025720164609053242,0.18555043348892786,1.3325335919638115,0,1.8098749405583736,0,0.7517502117093131,1.3034565912760536,1.934133352940831,0.011631089217296164,0,0,0.1281954871707639,2.0477331221032795,2.0442133791457462e-4,0.008648758648758265,0,0,0.822510822510823,0.41174234991706543,0,0.11223344556677889,0,0.37963554987212234,2.4505515401413236,0.6537969459175046,7.931174647570483e-4,0.11574074074074102,2.5097548963897413e-4,3.474738325281801
356,0,0.5376344086021503,1.0369635792913658,0,0,0,0,0,0,0,0,0,0.5872140522875818,0,0.5029616013071897,0,0.5555555555555547,0,0.5982905982905979,0,0.5699855699855703,0,0,0,0,0,0,0,0,0,0,0,0,0,0,0,0,0,0,0,0,0,0,0,0,0,0.7765830346475504,0,0,0,0,0,0,0,0,0,0,0,0,0
2001,3.336461237908107,1.1222440071989928,1.4008165286498795,2.7337150747238437,1.7629314668190466,2.735251657413264,NA,NA,NA,NA,NA,NA,2.3380411160733696,1.5016529062488648,1.3300909187652992,1.7469355506508735,2.7604664078094,3.5956452464604625,2.1411445383214462,1.727883302371585,2.3197306730420983,3.773702941027336,1.3357984607984599,2.304447304447309,1.6936018185908943,0.9739834814967292,1.782860295112349,2.263191813973064,0.5801749244994707,1.6463555514668617,NA,NA,NA,NA,NA,NA,NA,NA,NA,NA,NA,NA,NA,NA,NA,NA,NA,NA,NA,NA,NA,NA,NA,NA,NA,NA,NA,NA,NA,NA
2002,0.5952380952380953,0,0,0,0,0,1.6850490196078427,0,0,0,0,2.5892857142857144,0,0,0,0,0,0,0,0,0,0,0,0,0,0,0,0,0,0,0,0,0,0,0,0,0,0,0,0,0,0,0,0,0,0,0,0,0,0,0,0.023262178434592228,0,0,0,0.3370098039215686,0,0.8417508417508415,0,0
