u_id,section,page,page_score,attention
5,1,1,0.8,1
5,1,2,1,1
5,1,3,1,1
5,1,4,0.4,1
5,1,5,1,1
5,1,6,0.8,1
5,2,1,1,1
5,2,2,0.8,1
5,2,3,0.6,1
5,2,4,0.8,1
5,2,5,0.8,1
5,2,6,0.6,1
5,3,1,1,1
5,3,2,0.8,1
5,3,3,0.8,1
5,3,4,1,1
5,3,5,1,1
5,3,6,1,1
5,4,1,1,1
5,4,2,0.6,1
5,4,3,0.8,1
5,4,4,0.6,1
5,4,5,0.8,1
5,4,6,0.6,1
5,5,1,0.8,1
5,5,2,1,1
5,5,3,0.8,1
5,5,4,0.6,1
5,5,5,0.8,1
5,5,6,0.8,1
5,6,1,1,1
5,6,2,1,1
5,6,3,0.6,1
5,6,4,0.8,1
5,6,5,0.8,1
5,6,6,1,1
5,7,1,1,2
5,7,2,0.3076923076923077,1
5,7,3,1,1
5,7,4,0.5714285714285714,1
5,7,5,1,1
5,7,6,0.9166666666666666,0
5,8,1,1,2
5,8,2,1,1
5,8,3,0.8888888888888888,1
5,8,4,0.25,1
5,8,5,0.9090909090909091,1
5,8,6,0.875,0
5,9,1,1,1
5,9,2,0.7777777777777778,1
5,9,3,0.5,2
5,9,4,1,0
5,9,5,1,2
5,9,6,1,0
5,10,1,1,3
5,10,2,0.7692307692307693,1
5,10,3,1,0
5,10,4,0.8461538461538461,1
5,10,5,0.7333333333333333,1
5,10,6,1,0
6,1,1,0.8,1
6,1,2,0.8,1
6,1,3,0.8,1
6,1,4,1,1
6,1,5,0.8,1
6,1,6,1,1
6,2,1,1,1
6,2,2,0.8,1
6,2,3,1,1
6,2,4,0.8,1
6,2,5,1,1
6,2,6,1,1
6,3,1,1,1
6,3,2,0.8,1
6,3,3,0.8,1
6,3,4,0.8,1
6,3,5,0.8,1
6,3,6,1,1
6,4,1,0.8,1
6,4,2,0.6,1
6,4,3,0.4,1
6,4,4,0.8,1
6,4,5,1,1
6,4,6,1,1
6,5,1,0.8,1
6,5,2,0.8,1
6,5,3,0.8,1
6,5,4,1,1
6,5,5,0.8,1
6,5,6,1,1
6,6,1,1,1
6,6,2,0.8,1
6,6,3,0.8,1
6,6,4,0.8,1
6,6,5,0.8,1
6,6,6,0.8,1
6,7,1,1,2
6,7,2,0.3076923076923077,1
6,7,3,1,1
6,7,4,0.7142857142857143,1
6,7,5,0.8,1
6,7,6,1,0
6,8,1,1,2
6,8,2,0.875,1
6,8,3,0.8888888888888888,1
6,8,4,0.375,1
6,8,5,1,1
6,8,6,0.875,0
6,9,1,1,1
6,9,2,0.5555555555555556,1
6,9,3,1,2
6,9,4,0.75,0
6,9,5,1,2
6,9,6,0.9166666666666666,0
6,10,1,0.6,3
6,10,2,0.7692307692307693,1
6,10,3,0.5,0
6,10,4,1,1
6,10,5,1,1
6,10,6,0.7857142857142857,0
7,1,1,1,1
7,1,2,0.6,1
7,1,3,1,1
7,1,4,0.8,1
7,1,5,1,1
7,1,6,1,1
7,2,1,0.8,1
7,2,2,1,1
7,2,3,0.8,1
7,2,4,1,1
7,2,5,1,1
7,2,6,1,1
7,3,1,1,1
7,3,2,0.8,1
7,3,3,0.8,1
7,3,4,1,1
7,3,5,0.8,1
7,3,6,1,1
7,4,1,1,1
7,4,2,0.8,1
7,4,3,1,1
7,4,4,1,1
7,4,5,1,1
7,4,6,1,1
7,5,1,0.8,1
7,5,2,0.6,1
7,5,3,1,1
7,5,4,1,1
7,5,5,1,1
7,5,6,1,1
7,6,1,0.8571428571428571,1
7,6,2,0.75,1
7,6,3,0.8,1
7,6,4,0.8,1
7,6,5,1,1
7,6,6,1,1
7,7,1,1,2
7,7,2,1,1
7,7,3,1,1
7,7,4,1,1
7,7,5,0.8,1
7,7,6,1,0
7,8,1,1,2
7,8,2,1,1
7,8,3,1,1
7,8,4,0.875,1
7,8,5,0.9090909090909091,1
7,8,6,0.875,0
7,9,1,1,1
7,9,2,1,1
7,9,3,1,2
7,9,4,1,0
7,9,5,1,2
7,9,6,1,0
7,10,1,1,3
7,10,2,1,1
7,10,3,1,0
7,10,4,1,1
7,10,5,1,1
7,10,6,0.7857142857142857,0
8,1,1,0.6,1
8,1,2,0.4,1
8,1,3,1,1
8,1,4,1,1
8,1,5,0.6,1
8,1,6,0.8,1
8,2,1,1,1
8,2,2,1,1
8,2,3,0.8,1
8,2,4,1,1
8,2,5,1,1
8,2,6,0.8,1
8,3,1,0.8,1
8,3,2,0.8,1
8,3,3,1,1
8,3,4,1,1
8,3,5,1,1
8,3,6,1,1
9,1,1,0.8,1
9,1,2,0.8,1
9,1,3,0.6,1
9,1,4,1,1
9,1,5,0.8,1
9,1,6,1,1
9,2,1,1,1
9,2,2,0.8,1
9,2,3,0.8,1
9,2,4,1,1
9,2,5,1,1
9,2,6,0.8,1
9,3,1,1,1
9,3,2,0.6,1
9,3,3,1,1
9,3,4,1,1
9,3,5,0.8,1
9,3,6,1,1
9,4,1,0.8,1
9,4,2,0.8,1
9,4,3,1,1
9,4,4,1,1
9,4,5,1,1
9,4,6,0.8,1
9,5,1,1,1
9,5,2,0.6,1
9,5,3,1,1
9,5,4,1,1
9,5,5,1,1
9,5,6,0.8,1
9,6,1,0.5714285714285714,0
9,6,2,0.8,1
9,6,3,0.6,1
9,6,4,1,1
9,6,5,0.6,1
9,6,6,1,1
9,7,1,1,2
9,7,2,0.15384615384615385,1
9,7,3,1,1
9,7,4,1,1
9,7,5,1,1
9,7,6,0.9166666666666666,0
9,8,1,1,2
9,8,2,0.875,1
9,8,3,1,1
9,8,4,0.875,1
9,8,5,0.9090909090909091,1
9,8,6,0.875,0
9,9,1,1,1
9,9,2,0.5555555555555556,1
9,9,3,1,2
9,9,4,1,0
9,9,5,0.75,2
9,9,6,0.9166666666666666,0
9,10,1,1,3
9,10,2,1,1
9,10,3,1,0
9,10,4,0.9230769230769231,1
9,10,5,0.8666666666666667,1
9,10,6,0.35714285714285715,0
15,1,1,0.8,1
15,1,2,0.8,1
15,1,3,0.4,1
15,1,4,0.6,1
15,1,5,0.8,1
15,1,6,0.8,1
15,2,1,1,1
15,2,2,0.8,1
15,2,3,0.8,1
15,2,4,0.8,1
15,2,5,0.8,1
15,2,6,0.8,1
15,3,1,1,1
15,3,2,0.6,1
15,3,3,0.6,1
15,3,4,0.8,1
15,3,5,1,1
15,3,6,1,1
15,4,1,1,1
15,4,2,0.4,1
15,4,3,0.8,1
15,4,4,0.8,1
15,4,5,0.8,1
15,4,6,0.8,1
15,5,1,0.4,1
15,5,2,0.8,1
15,5,3,0.6,1
15,5,4,0.6,1
15,5,5,0.8,1
15,5,6,0.8,1
15,6,1,0.8,0
15,6,2,1,1
15,6,3,0.6,1
15,6,4,0.6,1
15,6,5,1,1
15,6,6,0.75,1
15,7,1,1,2
15,7,2,0.7692307692307693,1
15,7,3,1,1
15,7,4,0.42857142857142855,1
15,7,5,1,1
15,7,6,0.8888888888888888,0
16,1,1,0.8,1
16,1,2,0.6,1
16,1,3,0.8,1
16,1,4,0.8,1
16,1,5,0.8,1
16,1,6,1,1
16,2,1,1,1
16,2,2,0.6,1
16,2,3,0.8,1
16,2,4,1,1
16,2,5,0.8,1
16,2,6,1,1
16,3,1,1,1
16,3,2,0.8,1
16,3,3,0.8,1
16,3,4,1,1
16,3,5,1,1
16,3,6,1,1
16,4,1,1,1
16,4,2,0.8,1
16,4,3,0.8,1
16,4,4,1,1
16,4,5,0.8,1
16,4,6,0.8,1
16,5,1,0.8,1
16,5,2,0.8,1
16,5,3,1,1
16,5,4,0.8,1
16,5,5,0.8,1
16,5,6,1,1
16,6,1,1,1
16,6,2,0.6,1
16,6,3,1,1
16,6,4,1,1
16,6,5,0.6,1
16,6,6,1,1
16,7,1,0.8333333333333334,2
16,7,2,1,1
16,7,3,1,1
16,7,4,0.8571428571428571,1
16,7,5,0.6,1
16,7,6,1,0
16,8,1,0.75,2
16,8,2,0.875,1
16,8,3,0.8888888888888888,1
16,8,4,1,1
16,8,5,1,1
16,8,6,1,0
26,1,1,0.8,1
26,1,2,0.8,1
26,1,3,0.8,1
26,1,4,0.8,1
26,1,5,0.8,1
26,1,6,1,1
26,2,1,0.8,1
26,2,2,0.8,1
26,2,3,0.8,1
26,2,4,1,1
26,2,5,1,1
26,2,6,1,1
26,3,1,1,1
26,3,2,0.8,1
26,3,3,0.8,1
26,3,4,1,1
26,3,5,1,1
26,3,6,1,1
26,4,1,1,1
26,4,2,0.8,1
26,4,3,0.8,1
26,4,4,1,1
26,4,5,1,1
26,4,6,1,1
26,5,1,0.8,1
26,5,2,0.6,1
26,5,3,0.8,1
26,5,4,1,1
26,5,5,0.6,1
26,5,6,1,1
26,6,1,1,1
26,6,2,0.6,1
26,6,3,0.6,1
26,6,4,1,1
26,6,5,0.8,1
26,6,6,1,1
26,7,1,0.8333333333333334,2
26,7,2,1,1
26,7,3,1,1
26,7,4,1,1
26,7,5,0.8,1
26,7,6,1,0
26,8,1,0.75,2
26,8,2,0.75,1
26,8,3,1,1
26,8,4,1,1
26,8,5,1,1
26,8,6,0.875,0
26,9,1,1,1
26,9,2,0.7777777777777778,1
26,9,3,0.75,2
26,9,4,1,0
26,9,5,0.75,2
26,9,6,1,0
26,10,1,1,3
26,10,2,1,1
26,10,3,0.8333333333333334,0
26,10,4,0.9230769230769231,1
26,10,5,0.8666666666666667,1
26,10,6,1,0
28,1,1,0.8,1
28,1,2,0.6,1
28,1,3,0.8,1
28,1,4,1,1
28,1,5,0.8,1
28,1,6,0.8,1
28,2,1,0.8,1
28,2,2,0.6,1
28,2,3,1,1
28,2,4,1,1
28,2,5,1,1
28,2,6,1,1
28,3,1,0.8,1
28,3,2,0.8,1
28,3,3,0.8,1
28,3,4,1,1
28,3,5,0.8,1
28,3,6,0.8,1
28,4,1,0.8,1
28,4,2,1,1
28,4,3,0.8,1
28,4,4,1,1
28,4,5,1,1
28,4,6,1,1
28,5,1,0.6,1
28,5,2,1,1
28,5,3,0.6,1
28,5,4,1,1
28,5,5,1,1
28,5,6,1,1
28,6,1,0.7142857142857143,1
28,6,2,0.6,1
28,6,3,1,1
28,6,4,1,1
28,6,5,1,1
28,6,6,1,1
28,7,1,0.8333333333333334,2
28,7,2,0.5384615384615384,1
28,7,3,1,1
28,7,4,0.8571428571428571,1
28,7,5,1,1
28,7,6,1,0
28,8,1,1,2
28,8,2,1,1
28,8,3,1,1
28,8,4,1,1
28,8,5,1,1
28,8,6,1,0
28,9,1,0.8461538461538461,1
28,9,2,1,1
28,9,3,1,2
28,9,4,1,0
28,9,5,1,2
28,9,6,1,0
28,10,1,1,3
28,10,2,1,1
28,10,3,1,0
28,10,4,1,1
28,10,5,1,1
28,10,6,1,0
30,1,1,0.8,1
30,1,2,0.6,1
30,1,3,1,1
30,1,4,1,1
30,1,5,0.8,1
30,1,6,0.8,1
30,2,1,0.8,1
30,2,2,0.8,1
30,2,3,0.8,1
30,2,4,1,1
30,2,5,1,1
30,2,6,0.8,1
30,3,1,1,1
30,3,2,0.8,1
30,3,3,0.8,1
30,3,4,1,1
30,3,5,0.8,1
30,3,6,1,1
30,4,1,0.8,1
30,4,2,0.6,1
30,4,3,1,1
30,4,4,0.8,1
30,4,5,1,1
30,4,6,1,1
30,5,1,1,1
30,5,2,0.4,1
30,5,3,1,1
30,5,4,1,1
30,5,5,0.8,1
30,5,6,1,1
30,6,1,1,1
30,6,2,0.6,1
30,6,3,1,1
30,6,4,1,1
30,6,5,0.8,1
30,6,6,1,1
30,7,1,1,2
30,7,2,1,1
30,7,3,0.8888888888888888,1
30,7,4,1,1
30,7,5,0.8,1
30,7,6,1,0
30,8,1,1,2
30,8,2,0.875,1
30,8,3,1,1
30,8,4,0.875,1
30,8,5,1,1
30,8,6,1,0
30,9,1,1,1
30,9,2,0.7777777777777778,1
30,9,3,0.5,2
30,9,4,1,0
30,9,5,1,2
30,9,6,1,0
30,10,1,1,3
30,10,2,0.6923076923076923,1
30,10,3,1,0
30,10,4,0.7692307692307693,1
30,10,5,0.6,1
30,10,6,1,0
34,1,1,0.8,1
34,1,2,0.8,1
34,1,3,0.8,1
34,1,4,0.8,1
34,1,5,1,1
34,1,6,0.8,1
34,2,1,0.8,1
34,2,2,0.8,1
34,2,3,0.8,1
34,2,4,1,1
34,2,5,1,1
34,2,6,0.8,1
34,3,1,1,1
34,3,2,0.6,0
34,3,3,0.8,1
34,3,4,1,1
34,3,5,1,1
34,3,6,1,1
34,4,1,0.8,1
34,4,2,0.8,1
34,4,3,0.8,1
34,4,4,1,1
34,4,5,0.8,1
34,4,6,1,1
34,5,1,1,1
34,5,2,0.8,1
34,5,3,1,1
34,5,4,1,1
34,5,5,0.6,1
34,5,6,1,1
34,6,1,1,1
34,6,2,1,0
34,6,3,0.6,1
34,6,4,1,1
34,6,5,1,1
34,6,6,1,1
34,7,1,1,2
34,7,2,0.3076923076923077,1
34,7,3,1,1
34,7,4,1,1
34,7,5,1,1
34,7,6,1,0
34,8,1,1,1
34,8,2,0.875,1
34,8,3,0.8888888888888888,1
34,8,4,1,1
34,8,5,1,1
34,8,6,1,0
34,9,1,1,1
34,9,2,0.5555555555555556,1
34,9,3,1,2
34,9,4,1,0
34,9,5,0.75,2
34,9,6,1,0
34,10,1,1,3
34,10,2,0.7692307692307693,1
34,10,3,1,0
34,10,4,0.7692307692307693,1
34,10,5,0.6,1
34,10,6,1,0
41,1,1,0.8,1
41,1,2,1,1
41,1,3,0.8,1
41,1,4,0.8,1
41,1,5,0.8,1
41,1,6,0.8,1
41,2,1,1,1
41,2,2,0.8,1
41,2,3,0.6,1
41,2,4,1,1
41,2,5,0.8,1
41,2,6,1,1
41,3,1,0.6,1
41,3,2,0.4,1
41,3,3,0.8,1
41,3,4,0.6,1
41,3,5,1,1
41,3,6,0.8,1
41,4,1,1,0
41,4,2,0.6,1
41,4,3,0.4,1
41,4,4,0.8,1
41,4,5,1,1
41,4,6,1,1
48,1,1,0.8,1
48,1,2,0.6,1
48,1,3,0.6,1
48,1,4,0.8,1
48,1,5,0.4,1
48,1,6,0.8,1
48,2,1,1,1
48,2,2,0.4,1
48,2,3,0.8,1
48,2,4,0.8,1
48,2,5,0.8,1
48,2,6,0.8,1
48,3,1,0.6,1
48,3,2,0.6,1
48,3,3,0.8,1
48,3,4,0.8,1
48,3,5,0.8,1
48,3,6,1,1
48,4,1,0.6,1
48,4,2,0.4,1
48,4,3,0.6,1
48,4,4,0.6,1
48,4,5,0.8,1
48,4,6,0.8,1
48,5,1,0.8,1
48,5,2,0.8,1
48,5,3,0.8,1
48,5,4,0.6,1
48,5,5,1,1
48,5,6,0.8,1
48,6,1,0.2857142857142857,1
48,6,2,0.4,1
48,6,3,0.4,1
48,6,4,1,1
48,6,5,0.6,1
48,6,6,0.8,1
48,7,1,1,2
48,7,2,0.15384615384615385,1
48,7,3,1,1
48,7,4,0.8571428571428571,1
48,7,5,1,1
48,7,6,0.9166666666666666,0
49,1,1,0.8,1
49,1,2,0.8,1
49,1,3,0.8,1
49,1,4,0.8,1
49,1,5,0.6,1
49,1,6,0.8,1
49,2,1,0.8,1
49,2,2,0.8,1
49,2,3,0.6,1
49,2,4,1,1
49,2,5,0.6,1
49,2,6,0.8,1
49,3,1,0.8,1
49,3,2,1,0
49,3,3,1,1
49,3,4,0.8,1
49,3,5,1,1
49,3,6,1,1
49,4,1,0.8,1
49,4,2,0.6,1
49,4,3,0.6,1
49,4,4,1,1
49,4,5,0.8,1
49,4,6,0.8,1
49,5,1,0.8,1
49,5,2,0.6,0
49,5,3,0.8,1
49,5,4,0.8,1
49,5,5,0.8,1
49,5,6,0.8,1
49,6,1,0.6666666666666666,0
49,6,2,0,0
49,6,3,1,1
49,6,4,1,0
49,6,5,1,1
49,6,6,0.75,0
51,1,1,0.8,1
51,1,2,0.8,1
51,1,3,0.8,1
51,1,4,0.8,1
51,1,5,0.8,1
51,1,6,0.8,1
51,2,1,1,1
51,2,2,1,1
51,2,3,1,1
51,2,4,1,1
51,2,5,0.8,1
51,2,6,1,1
51,3,1,0.8,1
51,3,2,0.6,1
51,3,3,0.8,1
51,3,4,1,1
51,3,5,0.6,1
51,3,6,1,1
52,1,1,1,1
52,1,2,0.4,1
52,1,3,0.6,1
52,1,4,0.8,1
52,1,5,0.8,1
52,1,6,0.8,1
52,2,1,1,1
52,2,2,0.8,1
52,2,3,0.8,1
52,2,4,1,1
52,2,5,0.8,1
52,2,6,1,1
52,3,1,1,1
52,3,2,1,1
52,3,3,0.6,1
52,3,4,1,1
52,3,5,1,1
52,3,6,0.8,1
52,4,1,1,1
52,4,2,0.8,1
52,4,3,0.8,1
52,4,4,1,1
52,4,5,1,1
52,4,6,1,1
52,5,1,1,1
52,5,2,0.8,1
52,5,3,0.6,1
52,5,4,1,1
52,5,5,0.8,1
52,5,6,0.8,1
55,1,1,0.8,1
55,1,2,0.8,1
55,1,3,1,1
55,1,4,0.8,1
55,1,5,0.8,1
55,1,6,1,1
55,2,1,1,1
55,2,2,0.8,1
55,2,3,0.8,1
55,2,4,1,1
55,2,5,1,1
55,2,6,0.8,1
55,3,1,1,1
55,3,2,0.6,1
55,3,3,1,1
55,3,4,1,1
55,3,5,1,1
55,3,6,0.8,1
55,4,1,1,1
55,4,2,0.8,1
55,4,3,1,1
55,4,4,0.8,1
55,4,5,0.8,1
55,4,6,0.8,1
55,5,1,0.8,1
55,5,2,0.6,1
55,5,3,1,1
55,5,4,1,1
55,5,5,1,1
55,5,6,0.8,1
55,6,1,1,1
55,6,2,1,1
55,6,3,0.8,1
55,6,4,1,1
55,6,5,1,1
55,6,6,0.8,1
59,1,1,0.8,1
59,1,2,0.8,1
59,1,3,1,1
59,1,4,1,1
59,1,5,0.6,1
59,1,6,0.8,1
59,2,1,1,1
59,2,2,0.8,1
59,2,3,0.6,1
59,2,4,1,1
59,2,5,0.8,1
59,2,6,0.8,1
61,1,1,0.8,1
61,1,2,0.8,1
61,1,3,0.8,1
61,1,4,0.8,1
61,1,5,1,1
61,1,6,0.8,1
61,2,1,1,1
61,2,2,0.8,1
61,2,3,0.8,1
61,2,4,1,1
61,2,5,0.8,1
61,2,6,1,1
61,3,1,1,1
61,3,2,0.8,1
61,3,3,0.8,1
61,3,4,1,1
61,3,5,0.6,1
61,3,6,1,1
61,4,1,1,1
61,4,2,0.8,1
61,4,3,1,1
61,4,4,0.8,1
61,4,5,0.8,1
61,4,6,1,1
61,5,1,1,1
61,5,2,0.8,1
61,5,3,0.8,1
61,5,4,1,1
61,5,5,1,1
61,5,6,1,1
61,6,1,1,1
61,6,2,1,1
61,6,3,0.8,1
61,6,4,1,1
61,6,5,0.8,1
61,6,6,1,1
61,7,1,1,2
61,7,2,0.3076923076923077,1
61,7,3,1,1
61,7,4,1,1
61,7,5,1,1
61,7,6,1,0
61,8,1,1,2
61,8,2,0.875,1
61,8,3,1,1
61,8,4,1,1
61,8,5,0.9090909090909091,1
61,8,6,1,0
61,9,1,1,1
61,9,2,0.5555555555555556,1
61,9,3,1,2
61,9,4,1,0
61,9,5,0.75,2
61,9,6,1,0
61,10,1,1,3
61,10,2,1,1
61,10,3,1,0
61,10,4,0.9230769230769231,1
61,10,5,0.8666666666666667,1
61,10,6,1,0
62,1,1,1,1
62,1,2,0.2,1
62,1,3,0.8,1
62,1,4,0.8,1
62,1,5,1,1
62,1,6,1,1
62,2,1,0.8,1
62,2,2,0.6,1
62,2,3,0.6,1
62,2,4,1,1
62,2,5,0.6,1
62,2,6,1,1
62,3,1,0.8,1
62,3,2,0.4,1
62,3,3,0.8,1
62,3,4,1,1
62,3,5,0.8,1
62,3,6,1,1
62,4,1,0.8,1
62,4,2,0.6,1
62,4,3,1,1
62,4,4,1,1
62,4,5,0.6,1
62,4,6,1,1
62,5,1,0.8,1
62,5,2,0.4,1
62,5,3,0.6,1
62,5,4,1,1
62,5,5,0.4,1
62,5,6,0.8,1
62,6,1,0.3333333333333333,0
62,6,2,1,1
62,6,3,1,1
62,6,4,1,0
62,6,5,0.6666666666666666,0
62,6,6,1,0
73,1,1,1,1
73,1,2,0.6,1
73,1,3,1,1
73,1,4,1,1
73,1,5,0.8,1
73,1,6,0.8,1
73,2,1,1,1
73,2,2,0.8,1
73,2,3,0.4,1
73,2,4,1,1
73,2,5,1,1
73,2,6,0.8,1
77,1,1,0.8,1
77,1,2,0.8,1
77,1,3,0.8,1
77,1,4,1,1
77,1,5,1,1
77,1,6,1,1
77,2,1,0.8,1
77,2,2,0.8,1
77,2,3,1,1
77,2,4,1,1
77,2,5,0.8,1
77,2,6,0.8,1
77,3,1,1,1
77,3,2,1,1
77,3,3,0.8,1
77,3,4,1,1
77,3,5,1,1
77,3,6,0.8,1
77,4,1,1,1
77,4,2,1,1
77,4,3,1,1
77,4,4,1,1
77,4,5,1,1
77,4,6,1,1
77,5,1,1,1
77,5,2,0.8,1
77,5,3,1,1
77,5,4,1,1
77,5,5,1,1
77,5,6,1,1
77,6,1,0.8571428571428571,1
77,6,2,0.8,1
77,6,3,0.8,1
77,6,4,1,1
77,6,5,1,1
77,6,6,0.8,1
77,7,1,1,2
77,7,2,1,1
77,7,3,1,1
77,7,4,1,1
77,7,5,0.8,1
77,7,6,1,0
77,8,1,1,2
77,8,2,1,1
77,8,3,1,1
77,8,4,0.875,1
77,8,5,0.9090909090909091,0
77,8,6,1,0
77,9,1,1,1
77,9,2,1,1
77,9,3,1,2
77,9,4,1,0
77,9,5,0.75,2
77,9,6,1,0
78,1,1,0.6,1
78,1,2,0.6,1
78,1,3,0.8,1
78,1,4,0.8,1
78,1,5,0.6,1
78,1,6,0.8,1
78,2,1,1,1
78,2,2,0.8,1
78,2,3,0.8,1
78,2,4,1,1
78,2,5,0.8,1
78,2,6,0.8,1
78,3,1,0.8,1
78,3,2,0.8,1
78,3,3,0.8,1
78,3,4,1,1
78,3,5,1,1
78,3,6,1,1
78,4,1,0.8,1
78,4,2,1,1
78,4,3,0.8,1
78,4,4,1,1
78,4,5,1,1
78,4,6,1,1
78,5,1,0.8,1
78,5,2,1,1
78,5,3,0.6,1
78,5,4,1,1
78,5,5,1,1
78,5,6,1,1
78,6,1,1,1
78,6,2,0.8,1
78,6,3,1,1
78,6,4,1,1
78,6,5,0.8,1
78,6,6,1,1
78,7,1,1,2
78,7,2,1,1
78,7,3,1,1
78,7,4,1,1
78,7,5,1,1
78,7,6,1,0
78,8,1,1,2
78,8,2,1,1
78,8,3,1,1
78,8,4,0.875,1
78,8,5,0.9090909090909091,1
78,8,6,0.875,0
78,9,1,1,1
78,9,2,1,1
78,9,3,1,2
78,9,4,1,0
78,9,5,0.75,2
78,9,6,0.6666666666666666,0
78,10,1,1,3
78,10,2,0.5384615384615384,1
78,10,3,1,0
78,10,4,0.8461538461538461,1
78,10,5,0.7333333333333333,1
78,10,6,0.5714285714285714,0
79,1,1,0.8,1
79,1,2,0.8,1
79,1,3,0.8,1
79,1,4,1,1
79,1,5,0.6,1
79,1,6,0.8,1
79,2,1,1,1
79,2,2,0.8,1
79,2,3,1,1
79,2,4,1,1
79,2,5,1,1
79,2,6,0.8,1
79,3,1,1,1
79,3,2,0.8,1
79,3,3,1,1
79,3,4,1,1
79,3,5,0.8,1
79,3,6,1,1
79,4,1,1,1
79,4,2,0.8,1
79,4,3,0.6,1
79,4,4,1,1
79,4,5,0.8,1
79,4,6,0.8,1
79,5,1,1,1
79,5,2,0.8,1
79,5,3,0.8,1
79,5,4,1,1
79,5,5,1,1
79,5,6,1,1
79,6,1,1,1
79,6,2,0.8,1
79,6,3,1,1
79,6,4,1,1
79,6,5,0.8,1
79,6,6,0.8,1
79,7,1,1,1
79,7,2,NaN,1
79,7,3,1,0
79,7,4,1,1
79,7,5,1,0
79,7,6,1,0
81,1,1,0.8,1
81,1,2,0.8,1
81,1,3,0.8,1
81,1,4,0.8,1
81,1,5,0.8,1
81,1,6,0.6,1
81,2,1,0.8,1
81,2,2,0.8,1
81,2,3,0.8,1
81,2,4,1,1
81,2,5,0.6,1
81,2,6,1,1
81,3,1,0.8,1
81,3,2,0.8,1
81,3,3,1,1
81,3,4,0.75,1
81,3,5,0.8,1
81,3,6,1,1
81,4,1,0.6,1
81,4,2,1,1
81,4,3,0.8,1
81,4,4,0.8,1
81,4,5,1,1
81,4,6,0.8,1
81,5,1,1,1
81,5,2,0.8,1
81,5,3,0.8,1
81,5,4,0.6,1
81,5,5,1,1
81,5,6,0.8,1
81,6,1,1,1
81,6,2,1,1
81,6,3,0.6,1
81,6,4,0.8,1
81,6,5,0.8,1
81,6,6,0.8,1
81,7,1,1,2
81,7,2,0.3076923076923077,1
81,7,3,0.7777777777777778,1
81,7,4,1,1
81,7,5,1,1
81,7,6,1,0
82,1,1,0.6,1
82,1,2,0.2,0
82,1,3,0.6,1
82,1,4,0.6,1
82,1,5,1,1
82,1,6,0.6,1
82,2,1,0.8,1
82,2,2,1,1
82,2,3,0.8,1
82,2,4,0.8,1
82,2,5,1,1
82,2,6,0.8,1
82,3,1,1,1
82,3,2,0.75,1
82,3,3,0.6,1
82,3,4,0.4,1
82,3,5,0.6,1
82,3,6,0.6,1
82,4,1,1,1
82,4,2,0.6,1
82,4,3,0.6,1
82,4,4,0.75,1
82,4,5,1,1
82,4,6,0.8,1
82,5,1,1,1
82,5,2,0.8,1
82,5,3,0.6,1
82,5,4,0.8,1
82,5,5,0.6,1
82,5,6,0.8,1
82,6,1,0.8571428571428571,1
82,6,2,1,1
82,6,3,0.4,1
82,6,4,0.8,1
82,6,5,1,1
82,6,6,1,1
82,7,1,1,2
82,7,2,0.5454545454545454,1
82,7,3,1,1
82,7,4,0.42857142857142855,1
82,7,5,1,1
82,7,6,0.9166666666666666,0
82,8,1,0.5,2
82,8,2,0.5,1
82,8,3,1,1
82,8,4,0.25,1
82,8,5,1,1
82,8,6,0.625,0
82,9,1,1,1
82,9,2,0.2222222222222222,1
82,9,3,1,2
82,9,4,0.875,0
82,9,5,1,2
82,9,6,0.6666666666666666,0
82,10,1,1,3
82,10,2,0.5384615384615384,1
82,10,3,0.3333333333333333,0
82,10,4,1,1
82,10,5,1,1
82,10,6,0.5714285714285714,0
85,1,1,0.6,1
85,1,2,0.8,0
85,1,3,0.6,1
85,1,4,0.8,1
85,1,5,1,1
85,1,6,0.8,1
85,2,1,0.8,1
85,2,2,0.6,1
85,2,3,0.6,1
85,2,4,1,1
85,2,5,0.6,1
85,2,6,1,1
85,3,1,0.8,1
85,3,2,0.8,1
85,3,3,0.8,1
85,3,4,0.8,1
85,3,5,0.8,1
85,3,6,0.8,1
85,4,1,1,0
85,4,2,0.25,1
85,4,3,0.6666666666666666,1
85,4,4,0.6666666666666666,1
85,4,5,1,1
85,4,6,0.75,0
87,1,1,1,1
87,1,2,0.8,1
87,1,3,0.6,1
87,1,4,0.4,1
87,1,5,0.8,1
87,1,6,0.8,1
87,2,1,0.8,1
87,2,2,0.6,0
87,2,3,0.6,1
87,2,4,0.4,1
87,2,5,0.8,1
87,2,6,0.8,1
87,3,1,1,1
87,3,2,1,1
87,3,3,0.4,1
87,3,4,0.6,1
87,3,5,0.8,1
87,3,6,1,1
87,4,1,0.8,1
87,4,2,0.6,1
87,4,3,0.6,1
87,4,4,0.4,1
87,4,5,1,1
87,4,6,0.8,1
87,5,1,0.8,1
87,5,2,0.2,1
87,5,3,0.6,1
87,5,4,0.4,1
87,5,5,1,1
87,5,6,1,1
87,6,1,0.5714285714285714,1
87,6,2,0.8,0
87,6,3,0.6,1
87,6,4,0.6,1
87,6,5,0.8,1
87,6,6,0.6,1
87,7,1,0.6666666666666666,2
87,7,2,0.3076923076923077,1
87,7,3,1,1
87,7,4,0.14285714285714285,1
87,7,5,1,1
87,7,6,0.9166666666666666,0
87,8,1,1,2
87,8,2,1,1
87,8,3,0.8888888888888888,1
87,8,4,0.375,1
87,8,5,0.6363636363636364,1
87,8,6,0.75,0
87,9,1,0.8461538461538461,1
87,9,2,0.7777777777777778,1
87,9,3,1,2
87,9,4,0.75,0
87,9,5,1,2
87,9,6,0.5833333333333334,0
87,10,1,0.2,3
87,10,2,0.3076923076923077,1
87,10,3,0.3333333333333333,0
87,10,4,1,1
87,10,5,1,1
87,10,6,0.21428571428571427,0
90,1,1,0.8,1
90,1,2,0.4,1
90,1,3,1,1
90,1,4,1,1
90,1,5,1,1
90,1,6,1,1
90,2,1,0.8,1
90,2,2,0.8,1
90,2,3,1,1
90,2,4,0.8,1
90,2,5,0.8,1
90,2,6,0.8,1
90,3,1,1,1
90,3,2,0.8,1
90,3,3,0.6,1
90,3,4,0.8,1
90,3,5,0.8,1
90,3,6,0.8,1
90,4,1,0.8,1
90,4,2,0.8,1
90,4,3,1,1
90,4,4,0.8,1
90,4,5,1,1
90,4,6,0.8,1
90,5,1,1,1
90,5,2,0.6,1
90,5,3,0.8,1
90,5,4,0.8,1
90,5,5,0.8,1
90,5,6,0.8,1
90,6,1,1,1
90,6,2,1,1
90,6,3,0.6,1
90,6,4,1,1
90,6,5,0.8,1
90,6,6,0.8,1
90,7,1,1,2
90,7,2,0.4,1
90,7,3,1,1
90,7,4,1,1
90,7,5,0.8,1
90,7,6,1,0
90,8,1,0.5,2
90,8,2,0.625,1
90,8,3,1,1
90,8,4,0.875,1
90,8,5,1,1
90,8,6,0.875,0
90,9,1,1,1
90,9,2,0.3333333333333333,0
90,9,3,1,2
90,9,4,1,0
90,9,5,1,2
90,9,6,1,0
90,10,1,1,2
90,10,2,1,1
90,10,3,0.8333333333333334,0
90,10,4,1,1
90,10,5,1,1
90,10,6,0.35714285714285715,0
91,1,1,0.8,1
91,1,2,0.8,1
91,1,3,0.6,1
91,1,4,0.8,1
91,1,5,0.8,1
91,1,6,0.8,1
91,2,1,1,1
91,2,2,1,1
91,2,3,0.8,1
91,2,4,1,1
91,2,5,0.8,1
91,2,6,0.8,1
91,3,1,0.8,1
91,3,2,0.8,1
91,3,3,0.6,1
91,3,4,1,1
91,3,5,0.6,1
91,3,6,0.8,1
91,4,1,1,1
91,4,2,0.8,1
91,4,3,0.8,1
91,4,4,1,1
91,4,5,0.8,1
91,4,6,1,1
91,5,1,0.8,1
91,5,2,0.8,1
91,5,3,0.8,1
91,5,4,1,1
91,5,5,0.8,1
91,5,6,0.8,1
91,6,1,0.8571428571428571,1
91,6,2,1,1
91,6,3,0.6,1
91,6,4,1,1
91,6,5,1,1
91,6,6,0.8,1
91,7,1,1,2
91,7,2,1,1
91,7,3,1,1
91,7,4,1,1
91,7,5,1,1
91,7,6,0.9166666666666666,0
91,8,1,0.75,2
91,8,2,0.625,1
91,8,3,1,1
91,8,4,1,1
91,8,5,1,1
91,8,6,0.875,0
93,1,1,1,1
93,1,2,1,1
93,1,3,0.8,1
93,1,4,1,1
93,1,5,0.8,1
93,1,6,0.8,1
93,2,1,1,1
93,2,2,1,1
93,2,3,0.6,1
93,2,4,1,1
93,2,5,1,1
93,2,6,0.8,1
93,3,1,1,1
93,3,2,0.8,1
93,3,3,1,1
93,3,4,1,1
93,3,5,0.6,1
93,3,6,0.8,1
93,4,1,1,0
93,4,2,1,1
93,4,3,1,1
93,4,4,1,0
93,4,5,1,1
93,4,6,0.75,0
99,1,1,0.8,1
99,1,2,0.8,1
99,1,3,1,1
99,1,4,0.6,1
99,1,5,0.8,1
99,1,6,1,1
99,2,1,1,1
99,2,2,1,1
99,2,3,0.6,1
99,2,4,1,1
99,2,5,0.8,1
99,2,6,1,1
99,3,1,1,1
99,3,2,0.8,1
99,3,3,1,1
99,3,4,0.8,1
99,3,5,1,1
99,3,6,1,1
99,4,1,0.8,1
99,4,2,0.8,1
99,4,3,0.6,1
99,4,4,1,1
99,4,5,1,1
99,4,6,1,1
99,5,1,1,1
99,5,2,1,1
99,5,3,0.8,1
99,5,4,1,1
99,5,5,1,1
99,5,6,0.8,1
99,6,1,1,1
99,6,2,1,1
99,6,3,1,1
99,6,4,1,1
99,6,5,0.6,1
99,6,6,1,1
99,7,1,1,2
99,7,2,0.5384615384615384,1
99,7,3,1,1
99,7,4,1,1
99,7,5,1,1
99,7,6,1,0
99,8,1,0.75,2
99,8,2,0.875,1
99,8,3,1,1
99,8,4,0.875,1
99,8,5,1,1
99,8,6,1,0
100,1,1,0.8,1
100,1,2,0.6,1
100,1,3,1,1
100,1,4,0.8,1
100,1,5,1,1
100,1,6,1,1
100,2,1,1,1
100,2,2,0.8,1
100,2,3,0.6,1
100,2,4,0.8,1
100,2,5,0.8,1
100,2,6,1,1
100,3,1,1,1
100,3,2,1,1
100,3,3,0.8,1
100,3,4,0.8,1
100,3,5,0.6,1
100,3,6,0.8,1
100,4,1,1,0
100,4,2,0.75,1
100,4,3,1,1
100,4,4,0.75,1
100,4,5,1,1
100,4,6,0.75,1
100,5,1,1,0
100,5,2,0.5,1
100,5,3,0.8,1
100,5,4,1,1
100,5,5,1,1
100,5,6,1,1
100,6,1,1,1
100,6,2,0.8,0
100,6,3,0.4,1
100,6,4,1,1
100,6,5,0.8,1
100,6,6,1,1
100,7,1,1,1
100,7,2,0.5384615384615384,1
100,7,3,1,1
100,7,4,1,1
100,7,5,1,1
100,7,6,0.9166666666666666,0
100,8,1,1,2
100,8,2,1,1
100,8,3,1,1
100,8,4,0.5,1
100,8,5,1,1
100,8,6,0.875,0
100,9,1,1,0
100,9,2,0.4,0
100,9,3,1,2
100,9,4,0.8,0
100,9,5,1,2
100,9,6,1,0
102,1,1,0.6,1
102,1,2,0.8,1
102,1,3,0.6,1
102,1,4,0.8,1
102,1,5,0.6,1
102,1,6,0.8,1
102,2,1,0.8,1
102,2,2,0.8,1
102,2,3,0.6,1
102,2,4,1,1
102,2,5,0.6,1
102,2,6,1,1
102,3,1,0.8,1
102,3,2,0.8,1
102,3,3,1,1
102,3,4,1,1
102,3,5,1,1
102,3,6,1,1
102,4,1,0.8,1
102,4,2,0.75,1
102,4,3,0.8,1
102,4,4,1,1
102,4,5,0.8,1
102,4,6,0.8,1
102,5,1,0.8,1
102,5,2,1,1
102,5,3,0.8,1
102,5,4,0.8,1
102,5,5,0.4,1
102,5,6,1,0
102,6,1,1,1
102,6,2,1,1
102,6,3,0.4,1
102,6,4,1,1
102,6,5,0.8,1
102,6,6,0.8,1
102,7,1,1,2
102,7,2,0.6153846153846154,1
102,7,3,1,1
102,7,4,1,1
102,7,5,0.8,1
102,7,6,1,0
102,8,1,1,2
102,8,2,1,1
102,8,3,0.7777777777777778,1
102,8,4,0.375,1
102,8,5,1,1
102,8,6,1,0
108,1,1,0.8,1
108,1,2,0.6,0
108,1,3,1,1
108,1,4,0.8,1
108,1,5,0.6,1
108,1,6,1,1
108,2,1,1,1
108,2,2,0.6,1
108,2,3,0.8,1
108,2,4,1,1
108,2,5,1,1
108,2,6,1,1
108,3,1,0.8,1
108,3,2,0.6,1
108,3,3,0.8,1
108,3,4,0.6,1
108,3,5,1,1
108,3,6,0.8,1
108,4,1,0.8,1
108,4,2,0.4,1
108,4,3,1,1
108,4,4,0.8,1
108,4,5,1,1
108,4,6,1,1
108,5,1,0.8,0
108,5,2,0.5,1
108,5,3,0.6,1
108,5,4,0.75,1
108,5,5,0.6666666666666666,1
108,5,6,0.75,1
108,6,1,0.7142857142857143,1
108,6,2,1,1
108,6,3,1,1
108,6,4,1,1
108,6,5,1,1
108,6,6,1,1
108,7,1,0.6666666666666666,2
108,7,2,0.15384615384615385,1
108,7,3,0.7777777777777778,1
108,7,4,1,1
108,7,5,0.8,1
108,7,6,0.9166666666666666,0
108,8,1,1,2
108,8,2,0.75,1
108,8,3,1,1
108,8,4,1,1
108,8,5,1,1
108,8,6,0.875,0
108,9,1,0.6923076923076923,1
108,9,2,0.6666666666666666,1
108,9,3,1,2
108,9,4,1,0
108,9,5,1,2
108,9,6,1,0
108,10,1,0,3
108,10,2,1,1
108,10,3,1,0
108,10,4,1,1
108,10,5,1,1
108,10,6,1,0
110,1,1,0.8,1
110,1,2,0.8,1
110,1,3,1,1
110,1,4,0.8,1
110,1,5,1,1
110,1,6,0.8,1
110,2,1,0.8,1
110,2,2,0.8,1
110,2,3,0.8,1
110,2,4,1,1
110,2,5,1,1
110,2,6,0.8,1
110,3,1,1,0
110,3,2,0.25,1
110,3,3,0.8,1
110,3,4,1,1
110,3,5,1,1
110,3,6,0.75,1
111,1,1,0.8,1
111,1,2,0.8,1
111,1,3,0.6,1
111,1,4,1,1
111,1,5,1,1
111,1,6,0.8,1
111,2,1,1,1
111,2,2,0.6,1
111,2,3,0.8,1
111,2,4,1,1
111,2,5,0.4,1
111,2,6,1,1
111,3,1,0.8,1
111,3,2,0.4,1
111,3,3,0.8,1
111,3,4,1,1
111,3,5,0.8,1
111,3,6,1,1
111,4,1,1,1
111,4,2,0.6,1
111,4,3,0.8,1
111,4,4,1,1
111,4,5,0.8,1
111,4,6,0.8,1
111,5,1,0.8,1
111,5,2,1,1
111,5,3,1,1
111,5,4,0.8,1
111,5,5,0.8,1
111,5,6,1,1
111,6,1,1,1
111,6,2,1,1
111,6,3,0.6,1
111,6,4,1,1
111,6,5,0.8,1
111,6,6,1,1
111,7,1,1,2
111,7,2,0.5384615384615384,1
111,7,3,1,1
111,7,4,1,1
111,7,5,1,1
111,7,6,1,0
111,8,1,0.5,2
111,8,2,0.75,1
111,8,3,1,1
111,8,4,0.875,1
111,8,5,0.9090909090909091,1
111,8,6,1,0
111,9,1,1,1
111,9,2,0.3333333333333333,1
111,9,3,1,2
111,9,4,1,0
111,9,5,1,2
111,9,6,1,0
111,10,1,1,3
111,10,2,0.8461538461538461,1
111,10,3,1,0
111,10,4,0.9230769230769231,1
111,10,5,0.8666666666666667,1
111,10,6,1,0
112,1,1,0.4,1
112,1,2,0.4,1
112,1,3,0.6,1
112,1,4,0.6,1
112,1,5,0.8,1
112,1,6,0.8,1
112,2,1,1,1
112,2,2,0.8,0
112,2,3,0.8,1
112,2,4,1,1
112,2,5,1,1
112,2,6,0.8,1
112,3,1,0.8,1
112,3,2,0.8,0
112,3,3,1,1
112,3,4,0.8,1
112,3,5,0.6,1
112,3,6,0.6,1
112,4,1,0.8,1
112,4,2,0.8,1
112,4,3,0.6,1
112,4,4,0.6,1
112,4,5,0.6,1
112,4,6,0.8,1
112,5,1,0.8,0
112,5,2,0.5,1
112,5,3,0.8,1
112,5,4,0.75,1
112,5,5,0.6666666666666666,1
112,5,6,0.75,1
119,1,1,0.8,1
119,1,2,0.6,0
119,1,3,1,1
119,1,4,0.8,1
119,1,5,0.8,1
119,1,6,0.8,1
119,2,1,1,0
119,2,2,0.75,1
119,2,3,0.6,1
119,2,4,0.75,1
119,2,5,1,1
119,2,6,0.75,1
119,3,1,0.8,1
119,3,2,0.8,1
119,3,3,0.6,1
119,3,4,0.8,1
119,3,5,1,1
119,3,6,1,1
119,4,1,1,1
119,4,2,1,1
119,4,3,0.8,1
119,4,4,0.8,1
119,4,5,1,1
119,4,6,0.8,1
119,5,1,1,1
119,5,2,0.8,1
119,5,3,0.6,1
119,5,4,1,1
119,5,5,0.8,1
119,5,6,0.6,1
119,6,1,1,0
119,6,2,1,1
119,6,3,0.8,1
119,6,4,0.8,1
119,6,5,1,1
119,6,6,0.6,1
119,7,1,1,2
119,7,2,1,1
119,7,3,1,1
119,7,4,1,1
119,7,5,1,1
119,7,6,1,0
119,8,1,1,2
119,8,2,1,1
119,8,3,1,1
119,8,4,1,1
119,8,5,1,1
119,8,6,0.875,0
119,9,1,1,1
119,9,2,0.7777777777777778,1
119,9,3,1,2
119,9,4,1,0
119,9,5,1,2
119,9,6,1,0
119,10,1,1,3
119,10,2,1,1
119,10,3,1,0
119,10,4,1,1
119,10,5,1,1
119,10,6,0.35714285714285715,0
121,1,1,0.8,0
121,1,2,0.6,1
121,1,3,0.8,1
121,1,4,1,1
121,1,5,1,1
121,1,6,0.8,1
121,2,1,1,1
121,2,2,0.6,1
121,2,3,0.6,1
121,2,4,1,1
121,2,5,0.6,1
121,2,6,1,1
121,3,1,0.8,1
121,3,2,0.8,0
121,3,3,0.6,1
121,3,4,0.8,1
121,3,5,0.6,1
121,3,6,0.8,1
121,4,1,0.8,1
121,4,2,0.8,0
121,4,3,0.6,1
121,4,4,1,1
121,4,5,0.8,1
121,4,6,0.8,1
121,5,1,0.8,1
121,5,2,1,1
121,5,3,0.8,1
121,5,4,1,1
121,5,5,1,1
121,5,6,0.8,1
122,1,1,0.8,1
122,1,2,0.6,1
122,1,3,0.8,1
122,1,4,1,1
122,1,5,0.8,1
122,1,6,0.8,1
122,2,1,1,1
122,2,2,1,1
122,2,3,0.6,1
122,2,4,1,1
122,2,5,0.8,1
122,2,6,0.8,1
122,3,1,0.8,1
122,3,2,1,0
122,3,3,1,1
122,3,4,1,1
122,3,5,1,1
122,3,6,0.8,1
122,4,1,0.8,1
122,4,2,0.8,0
122,4,3,0.6,1
122,4,4,1,1
122,4,5,0.8,1
122,4,6,0.8,1
122,5,1,0.8,1
122,5,2,0.8,0
122,5,3,0.6,1
122,5,4,0.8,1
122,5,5,0.8,1
122,5,6,1,1
125,1,1,0.8,1
125,1,2,0.4,0
125,1,3,0.6,1
125,1,4,0.8,1
125,1,5,1,1
125,1,6,0.8,1
125,2,1,0.8,1
125,2,2,1,1
125,2,3,0.6,1
125,2,4,1,1
125,2,5,0.8,1
125,2,6,1,1
125,3,1,1,1
125,3,2,0.8,1
125,3,3,0.8,1
125,3,4,1,1
125,3,5,1,1
125,3,6,1,1
125,4,1,0.8,1
125,4,2,1,0
125,4,3,1,1
125,4,4,0.6,1
125,4,5,0.8,1
125,4,6,0.8,1
125,5,1,1,1
125,5,2,0.8,1
125,5,3,0.8,1
125,5,4,0.8,1
125,5,5,1,1
125,5,6,1,1
125,6,1,1,0
125,6,2,1,1
125,6,3,0.5,1
125,6,4,1,0
125,6,5,1,1
125,6,6,1,0
127,1,1,0.8,1
127,1,2,1,1
127,1,3,0.8,1
127,1,4,1,1
127,1,5,0.8,1
127,1,6,1,1
127,2,1,0.8,1
127,2,2,0.8,1
127,2,3,0.8,1
127,2,4,1,1
127,2,5,1,1
127,2,6,0.8,1
127,3,1,1,1
127,3,2,1,1
127,3,3,0.8,1
127,3,4,1,1
127,3,5,0.8,1
127,3,6,0.8,1
127,4,1,1,1
127,4,2,1,1
127,4,3,0.8,1
127,4,4,1,1
127,4,5,1,1
127,4,6,0.8,1
127,5,1,1,1
127,5,2,0.6,1
127,5,3,0.8,1
127,5,4,1,1
127,5,5,1,1
127,5,6,0.8,1
127,6,1,0.8571428571428571,1
127,6,2,0.8,1
127,6,3,0.8,1
127,6,4,1,1
127,6,5,1,1
127,6,6,1,1
127,7,1,1,2
127,7,2,1,1
127,7,3,1,1
127,7,4,1,1
127,7,5,0.8,1
127,7,6,0.9166666666666666,0
127,8,1,1,2
127,8,2,1,1
127,8,3,1,1
127,8,4,1,1
127,8,5,1,1
127,8,6,1,0
130,1,1,0.8,1
130,1,2,0.8,1
130,1,3,1,1
130,1,4,1,1
130,1,5,0.8,1
130,1,6,1,1
130,2,1,0.4,1
130,2,2,0.8,1
130,2,3,1,1
130,2,4,0.8,1
130,2,5,0.8,1
130,2,6,1,1
130,3,1,1,0
130,3,2,0.8,1
130,3,3,1,1
130,3,4,0.8,1
130,3,5,1,1
130,3,6,0.8,1
130,4,1,1,1
130,4,2,0.6,1
130,4,3,1,1
130,4,4,0.8,1
130,4,5,1,1
130,4,6,0.8,1
130,5,1,0.8,1
130,5,2,0.6,1
130,5,3,0.8,1
130,5,4,1,1
130,5,5,0.8,1
130,5,6,1,1
130,6,1,0.42857142857142855,1
130,6,2,0.8,1
130,6,3,0.8,1
130,6,4,1,1
130,6,5,0.8,1
130,6,6,1,1
130,7,1,1,2
130,7,2,0.46153846153846156,1
130,7,3,1,1
130,7,4,1,1
130,7,5,1,1
130,7,6,1,0
131,1,1,0.8,1
131,1,2,1,1
131,1,3,0.8,1
131,1,4,0.6,1
131,1,5,1,1
131,1,6,0.8,1
131,2,1,1,1
131,2,2,1,1
131,2,3,0.6,1
131,2,4,1,1
131,2,5,0.8,1
131,2,6,1,1
131,3,1,0.8,1
131,3,2,0.8,1
131,3,3,0.6,1
131,3,4,0.8,1
131,3,5,0.8,1
131,3,6,0.8,1
131,4,1,1,1
131,4,2,0.8,1
131,4,3,1,1
131,4,4,1,1
131,4,5,1,1
131,4,6,1,1
131,5,1,0.8,0
131,5,2,0.8,1
131,5,3,0.8,1
131,5,4,1,1
131,5,5,1,1
131,5,6,1,1
131,6,1,1,1
131,6,2,0.8,1
131,6,3,0.8,1
131,6,4,1,1
131,6,5,0.8,1
131,6,6,1,1
131,7,1,1,2
131,7,2,1,1
131,7,3,1,1
131,7,4,1,1
131,7,5,1,1
131,7,6,1,0
132,1,1,0.6,1
132,1,2,0.6,1
132,1,3,0.8,1
132,1,4,0.8,1
132,1,5,1,1
132,1,6,0.8,1
132,2,1,0.8,1
132,2,2,0.8,1
132,2,3,0.8,1
132,2,4,0.6,1
132,2,5,1,1
132,2,6,1,1
132,3,1,1,1
132,3,2,0.8,1
132,3,3,1,1
132,3,4,0.8,1
132,3,5,0.6,1
132,3,6,0.8,1
132,4,1,0.8,1
132,4,2,1,1
132,4,3,0.8,1
132,4,4,0.8,1
132,4,5,0.8,1
132,4,6,1,1
132,5,1,1,1
132,5,2,0.8,1
132,5,3,0.8,1
132,5,4,1,1
132,5,5,0.6,1
132,5,6,1,1
132,6,1,1,1
132,6,2,1,1
132,6,3,0.8,1
132,6,4,1,1
132,6,5,0.8,1
132,6,6,1,1
132,7,1,1,2
132,7,2,0.3076923076923077,1
132,7,3,1,1
132,7,4,1,1
132,7,5,0.8,1
132,7,6,1,0
132,8,1,1,2
132,8,2,0.875,1
132,8,3,1,1
132,8,4,0.875,1
132,8,5,0.9090909090909091,1
132,8,6,1,0
132,9,1,1,1
132,9,2,0.5555555555555556,1
132,9,3,1,2
132,9,4,0.875,0
132,9,5,1,2
132,9,6,1,0
132,10,1,0.6,3
132,10,2,0.5384615384615384,1
132,10,3,0.8333333333333334,0
132,10,4,0.9230769230769231,1
132,10,5,0.8666666666666667,1
132,10,6,0.5714285714285714,0
141,1,1,0.8,1
141,1,2,0.8,1
141,1,3,1,1
141,1,4,1,1
141,1,5,1,1
141,1,6,0.8,1
141,2,1,1,1
141,2,2,1,1
141,2,3,1,1
141,2,4,1,1
141,2,5,1,1
141,2,6,1,1
141,3,1,0.8,1
141,3,2,1,1
141,3,3,0.6,1
141,3,4,1,1
141,3,5,0.8,1
141,3,6,0.8,1
141,4,1,0.8,1
141,4,2,1,1
141,4,3,1,1
141,4,4,1,1
141,4,5,0.8,1
141,4,6,1,1
141,5,1,0.8,1
141,5,2,1,1
141,5,3,0.8,1
141,5,4,1,1
141,5,5,1,1
141,5,6,1,1
147,1,1,0.8,1
147,1,2,0.6,1
147,1,3,0.8,1
147,1,4,1,1
147,1,5,0.8,1
147,1,6,1,1
147,2,1,0.8,1
147,2,2,0.8,1
147,2,3,0.6,1
147,2,4,0.8,1
147,2,5,0.8,1
147,2,6,0.8,1
147,3,1,1,1
147,3,2,0.8,1
147,3,3,0.8,1
147,3,4,1,1
147,3,5,0.75,1
147,3,6,0.8,1
147,4,1,1,1
147,4,2,0.6,1
147,4,3,0.6,1
147,4,4,1,1
147,4,5,0.6,1
147,4,6,0.8,1
147,5,1,0.8,1
147,5,2,0.8,1
147,5,3,0.8,1
147,5,4,1,1
147,5,5,0.6,1
147,5,6,0.8,1
147,6,1,0.8571428571428571,1
147,6,2,0.8,1
147,6,3,0.8,1
147,6,4,1,1
147,6,5,1,1
147,6,6,0.8,1
147,7,1,0.8333333333333334,2
147,7,2,0.7692307692307693,1
147,7,3,1,1
147,7,4,1,1
147,7,5,0.6,1
147,7,6,1,0
147,8,1,NaN,1
147,8,2,NaN,1
147,8,3,0,0
147,8,5,1,0
147,8,6,1,0
149,1,1,0.8,1
149,1,2,0.8,1
149,1,3,1,1
149,1,4,1,1
149,1,5,1,1
149,1,6,0.8,1
149,2,1,1,1
149,2,2,1,1
149,2,3,0.8,1
149,2,4,1,1
149,2,5,0.8,1
149,2,6,1,1
151,1,1,0.6,1
151,1,2,0.8,1
151,1,3,0.6,1
151,1,4,0.8,1
151,1,5,0.8,1
151,1,6,0.8,1
151,2,1,1,0
151,2,2,0.8,1
151,2,3,0.6,1
151,2,4,1,1
151,2,5,0.8,1
151,2,6,0.8,1
151,3,1,1,1
151,3,2,0.6,1
151,3,3,0.6,1
151,3,4,1,1
151,3,5,0.8,1
151,3,6,1,1
151,4,1,1,1
151,4,2,0.4,1
151,4,3,0.8,1
151,4,4,1,1
151,4,5,0.6,1
151,4,6,1,1
151,5,1,0.8,1
151,5,2,0.8,1
151,5,3,0.6,1
151,5,4,1,1
151,5,5,0.8,1
151,5,6,0.8,1
151,6,1,1,1
151,6,2,0.6,1
151,6,3,0.4,1
151,6,4,1,1
151,6,5,0.6,1
151,6,6,1,1
151,7,1,1,2
151,7,2,0.18181818181818182,1
151,7,3,0.8888888888888888,1
151,7,4,1,1
151,7,5,1,1
151,7,6,0.9166666666666666,0
151,8,1,0.5,2
151,8,2,0.625,1
151,8,3,1,1
151,8,4,0.875,1
151,8,5,0.9090909090909091,1
151,8,6,1,0
151,9,1,1,1
151,9,2,0.3333333333333333,0
151,9,3,0.5,2
151,9,4,1,0
151,9,5,1,2
151,9,6,1,0
151,10,1,1,3
151,10,2,0.6923076923076923,1
151,10,3,1,0
151,10,4,1,1
151,10,5,1,1
151,10,6,0.35714285714285715,0
153,1,1,0.8,1
153,1,2,0.8,1
153,1,3,0.8,1
153,1,4,1,1
153,1,5,0.6,1
153,1,6,0.8,1
153,2,1,1,1
153,2,2,0.6,1
153,2,3,0.4,1
153,2,4,1,1
153,2,5,1,1
153,2,6,0.8,1
153,3,1,1,1
153,3,2,0.8,1
153,3,3,1,1
153,3,4,1,1
153,3,5,0.6,1
153,3,6,0.8,1
153,4,1,0.8,1
153,4,2,0.8,1
153,4,3,1,1
153,4,4,1,1
153,4,5,1,1
153,4,6,0.8,1
153,5,1,1,1
153,5,2,0.8,1
153,5,3,0.8,1
153,5,4,1,1
153,5,5,0.8,1
153,5,6,0.8,1
153,6,1,0.7142857142857143,1
153,6,2,0.6,1
153,6,3,0.6,1
153,6,4,0.8,1
153,6,5,0.8,1
153,6,6,0.8,1
157,1,1,0.8,1
157,1,2,0.8,1
157,1,3,0.6,1
157,1,4,0.6,0
157,1,5,0.8,1
157,1,6,0.8,0
157,2,1,0.6,1
157,2,2,0.8,1
157,2,3,0.6,1
157,2,4,0.2,0
157,2,5,0.6,1
157,2,6,0.6,1
157,3,1,0.6,1
157,3,2,0.4,1
157,3,3,0.4,1
157,3,4,0.6,1
157,3,5,0.4,1
157,3,6,0.8,1
157,4,1,0.8,1
157,4,2,0.4,1
157,4,3,0.8,0
157,4,4,0.6,0
157,4,5,0.4,0
157,4,6,0.6,1
157,5,1,0.8,1
157,5,2,0.2,1
157,5,3,1,1
157,5,4,0.8,0
157,5,5,0.4,1
157,5,6,0.5,0
157,6,1,0.8571428571428571,1
157,6,2,0.4,1
157,6,3,0.4,1
157,6,4,0.4,1
157,6,5,0.4,1
157,6,6,0.4,1
157,7,1,0.8333333333333334,2
157,7,2,0.8461538461538461,1
157,7,3,0.6666666666666666,1
157,7,4,0.8571428571428571,1
157,7,5,0.6,0
157,7,6,0.6666666666666666,0
157,8,1,0.25,2
157,8,2,0.25,1
157,8,3,0.5555555555555556,1
157,8,4,1,1
157,8,5,1,1
157,8,6,0.625,0
157,9,1,1,1
157,9,2,0.5555555555555556,1
157,9,3,0.25,0
157,9,4,0.75,0
157,9,5,1,2
157,9,6,0.8333333333333334,0
157,10,1,1,3
157,10,2,0.6923076923076923,1
157,10,3,1,0
157,10,4,0.3076923076923077,0
157,10,5,0.5333333333333333,1
157,10,6,0.42857142857142855,0
160,1,1,0.6,1
160,1,2,0.6,1
160,1,3,0.8,1
160,1,4,1,1
160,1,5,0.8,0
160,1,6,0.8,1
160,2,1,0.8,1
160,2,2,0.8,1
160,2,3,0.8,1
160,2,4,1,1
160,2,5,1,1
160,2,6,0.8,1
160,3,1,1,1
160,3,2,1,1
160,3,3,0.6,1
160,3,4,1,1
160,3,5,0.8,1
160,3,6,0.8,1
160,4,1,0.6,1
160,4,2,0.8,1
160,4,3,0.8,1
160,4,4,1,1
160,4,5,1,1
160,4,6,0.8,1
160,5,1,0.8,1
160,5,2,0.6,1
160,5,3,0.8,1
160,5,4,1,1
160,5,5,0.8,1
160,5,6,0.8,1
160,6,1,1,1
160,6,2,0.8,1
160,6,3,0.6,1
160,6,4,1,1
160,6,5,1,1
160,6,6,1,1
160,7,1,1,2
160,7,2,0.3076923076923077,1
160,7,3,1,1
160,7,4,1,1
160,7,5,1,1
160,7,6,1,0
162,1,1,0.8,1
162,1,2,0.4,1
162,1,3,1,1
162,1,4,0.8,1
162,1,5,1,1
162,1,6,0.8,1
162,2,1,0.8,1
162,2,2,0.8,1
162,2,3,1,1
162,2,4,1,1
162,2,5,0.8,1
162,2,6,0.8,1
162,3,1,1,1
162,3,2,0.6,1
162,3,3,1,1
162,3,4,1,1
162,3,5,0.6,1
162,3,6,0.8,1
162,4,1,1,1
162,4,2,0.6,1
162,4,3,1,1
162,4,4,1,1
162,4,5,0.8,1
162,4,6,1,1
162,5,1,1,1
162,5,2,1,1
162,5,3,0.6,1
162,5,4,1,1
162,5,5,0.8,1
162,5,6,1,1
162,6,1,0.8,1
162,6,2,1,1
162,6,3,0.6,1
162,6,4,1,1
162,6,5,1,1
162,6,6,1,1
162,7,1,NaN,1
162,7,4,1,0
162,7,5,0.6666666666666666,0
162,7,6,1,0
165,1,1,0.8,1
165,1,2,0.8,1
165,1,3,1,1
165,1,4,1,1
165,1,5,0.6,1
165,1,6,0.8,1
165,2,1,0.8,1
165,2,2,0.6,1
165,2,3,0.8,1
165,2,4,1,1
165,2,5,0.8,1
165,2,6,0.8,1
165,3,1,0.8,1
165,3,2,0.6,1
165,3,3,0.8,1
165,3,4,1,1
165,3,5,0.8,1
165,3,6,0.8,1
165,4,1,0.8,1
165,4,2,0.6,1
165,4,3,1,1
165,4,4,1,1
165,4,5,0.8,1
165,4,6,0.8,1
167,1,1,0.8,1
167,1,2,0.6,1
167,1,3,0.8,1
167,1,4,1,1
167,1,5,0.8,1
167,1,6,1,1
167,2,1,0.8,1
167,2,2,1,1
167,2,3,1,1
167,2,4,1,1
167,2,5,0.8,1
167,2,6,0.8,1
167,3,1,1,1
167,3,2,0.8,1
167,3,3,0.6,1
167,3,4,1,1
167,3,5,0.8,1
167,3,6,0.8,1
167,4,1,1,1
167,4,2,1,1
167,4,3,0.6,1
167,4,4,1,1
167,4,5,1,1
167,4,6,0.8,1
167,5,1,1,0
167,5,2,1,1
167,5,3,1,1
167,5,4,1,1
167,5,5,0.6666666666666666,1
167,5,6,1,0
173,1,1,1,1
173,1,2,0.6,1
173,1,3,0.8,1
173,1,4,1,1
173,1,5,0.6,1
173,1,6,1,1
173,2,1,1,1
173,2,2,0.8,1
173,2,3,0.6,1
173,2,4,0.8,1
173,2,5,0.8,1
173,2,6,1,1
173,3,1,1,1
173,3,2,0.8,1
173,3,3,1,1
173,3,4,1,1
173,3,5,0.8,1
173,3,6,0.8,1
173,4,1,0.8,1
173,4,2,0.8,1
173,4,3,1,1
173,4,4,1,1
173,4,5,0.8,1
173,4,6,1,1
173,5,1,1,1
173,5,2,0.8,1
173,5,3,1,1
173,5,4,1,1
173,5,5,0.8,1
173,5,6,0.8,1
173,6,1,1,1
173,6,2,0.8,1
173,6,3,0.6,1
173,6,4,1,1
173,6,5,0.8,1
173,6,6,0.8,1
173,7,1,0.8333333333333334,2
173,7,2,0.3076923076923077,1
173,7,3,1,1
173,7,4,1,1
173,7,5,0.8,1
173,7,6,1,0
173,8,1,1,2
173,8,2,1,1
173,8,3,1,1
173,8,4,1,1
173,8,5,1,1
173,8,6,1,0
173,9,1,1,1
173,9,2,0.7777777777777778,1
173,9,3,1,2
173,9,4,1,0
173,9,5,1,2
173,9,6,1,0
173,10,1,1,2
173,10,2,1,1
173,10,3,1,0
173,10,4,0.9230769230769231,1
173,10,5,0.8666666666666667,1
173,10,6,1,0
179,1,1,0.8,1
179,1,2,0.6,1
179,1,3,1,1
179,1,4,0.8,1
179,1,5,0.8,1
179,1,6,1,1
179,2,1,0.8,1
179,2,2,0.6,1
179,2,3,1,1
179,2,4,1,1
179,2,5,0.8,1
179,2,6,1,1
179,3,1,1,1
179,3,2,0.6,1
179,3,3,0.6,1
179,3,4,1,1
179,3,5,0.8,1
179,3,6,1,1
179,4,1,0.8,1
179,4,2,1,1
179,4,3,0.6,1
179,4,4,1,1
179,4,5,0.8,1
179,4,6,1,1
179,5,1,1,0
179,5,2,0.8,1
179,5,3,0.8,1
179,5,4,1,1
179,5,5,0.8,1
179,5,6,1,1
179,6,1,0.8571428571428571,1
179,6,2,0.8,1
179,6,3,0.8,1
179,6,4,1,1
179,6,5,0.6,1
179,6,6,1,1
179,7,1,1,2
179,7,2,1,1
179,7,3,1,1
179,7,4,1,1
179,7,5,1,1
179,7,6,1,0
185,1,1,0.8,1
185,1,2,0.8,1
185,1,3,1,1
185,1,4,1,1
185,1,5,0.8,1
185,1,6,1,1
185,2,1,1,1
185,2,2,1,1
185,2,3,1,1
185,2,4,1,1
185,2,5,0.8,1
185,2,6,1,1
185,3,1,1,1
185,3,2,0.8,1
185,3,3,1,1
185,3,4,1,1
185,3,5,1,1
185,3,6,1,1
185,4,1,1,1
185,4,2,0.8,1
185,4,3,1,1
185,4,4,1,1
185,4,5,0.8,1
185,4,6,1,1
185,5,1,0.8,1
185,5,2,0.8,1
185,5,3,0.8,1
185,5,4,1,1
185,5,5,1,1
185,5,6,1,1
190,1,1,0.8,1
190,1,2,0.2,1
190,1,3,0.8,1
190,1,4,0.8,1
190,1,5,0.8,1
190,1,6,1,1
190,2,1,0.8,1
190,2,2,0.6,1
190,2,3,0.6,1
190,2,4,0.8,1
190,2,5,0.8,1
190,2,6,0.8,1
190,3,1,1,1
190,3,2,0.6,1
190,3,3,0.8,1
190,3,4,0.6,1
190,3,5,1,1
190,3,6,0.8,1
190,4,1,0.8,1
190,4,2,0.4,1
190,4,3,0.8,1
190,4,4,0.6,1
190,4,5,1,1
190,4,6,0.8,1
190,5,1,1,1
190,5,2,0.4,1
190,5,3,0.6,1
190,5,4,0.6,1
190,5,5,0.8,1
190,5,6,1,1
190,6,1,0.8571428571428571,0
190,6,2,0.8,1
190,6,3,0.8,1
190,6,4,0.6,1
190,6,5,0.6,1
190,6,6,1,1
191,1,1,0.6,1
191,1,2,0.8,1
191,1,3,0.8,1
191,1,4,1,1
191,1,5,1,1
191,1,6,0.8,1
191,2,1,1,1
191,2,2,1,1
191,2,3,0.8,1
191,2,4,1,1
191,2,5,0.8,1
191,2,6,1,1
191,3,1,0.8,1
191,3,2,0.6,1
191,3,3,1,1
191,3,4,1,1
191,3,5,0.8,1
191,3,6,0.8,1
191,4,1,1,1
191,4,2,0.8,1
191,4,3,0.8,1
191,4,4,1,1
191,4,5,0.8,1
191,4,6,0.8,1
191,5,1,1,0
191,5,2,1,1
191,5,3,1,1
191,5,4,1,0
191,5,5,1,0
191,5,6,1,0
192,1,1,0.8,1
192,1,2,0.4,1
192,1,3,0.8,1
192,1,4,0.8,1
192,1,5,0.8,1
192,1,6,0.6,1
192,2,1,0.8,1
192,2,2,0.4,1
192,2,3,1,1
192,2,4,1,1
192,2,5,0.6,1
192,2,6,1,1
192,3,1,0.8,1
192,3,2,0.4,1
192,3,3,1,1
192,3,4,1,1
192,3,5,0.6,1
192,3,6,0.8,1
192,4,1,1,1
192,4,2,0.6,1
192,4,3,0.8,1
192,4,4,0.8,1
192,4,5,0.6,1
192,4,6,1,1
192,5,1,1,1
192,5,2,1,1
192,5,3,1,1
192,5,4,0.8,1
192,5,5,0.6,1
192,5,6,1,1
192,6,1,0.8571428571428571,1
192,6,2,1,1
192,6,3,0.8,1
192,6,4,0.8,1
192,6,5,0.8,1
192,6,6,1,1
192,7,1,1,2
192,7,2,1,1
192,7,3,1,1
192,7,4,1,1
192,7,5,0.8,1
192,7,6,1,0
192,8,1,1,2
192,8,2,0.875,1
192,8,3,1,1
192,8,4,0.875,1
192,8,5,0.9090909090909091,1
192,8,6,1,0
192,9,1,1,1
192,9,2,0.5555555555555556,1
192,9,3,1,2
192,9,4,1,0
192,9,5,0.75,2
192,9,6,1,0
192,10,1,1,3
192,10,2,0.5384615384615384,1
192,10,3,1,0
192,10,4,0.8461538461538461,1
192,10,5,0.7333333333333333,1
192,10,6,0.7857142857142857,0
197,1,1,1,1
197,1,2,0.8,1
197,1,3,0.8,1
197,1,4,1,1
197,1,5,1,1
197,1,6,1,1
197,2,1,0.8,1
197,2,2,1,1
197,2,3,0.8,1
197,2,4,1,1
197,2,5,0.8,1
197,2,6,0.8,1
197,3,1,1,1
197,3,2,0.8,1
197,3,3,0.8,1
197,3,4,1,1
197,3,5,0.8,1
197,3,6,1,1
197,4,1,1,0
197,4,2,1,1
197,4,3,1,1
197,4,4,1,0
197,4,5,1,1
197,4,6,1,0
200,1,1,1,1
200,1,2,0.6,1
200,1,3,0.8,1
200,1,4,1,1
200,1,5,0.8,1
200,1,6,1,1
200,2,1,0.8,1
200,2,2,0.8,1
200,2,3,0.8,1
200,2,4,0.8,1
200,2,5,1,1
200,2,6,1,1
200,3,1,1,1
200,3,2,0.8,1
200,3,3,0.8,1
200,3,4,1,1
200,3,5,0.8,1
200,3,6,0.6,1
200,4,1,1,1
200,4,2,0.8,0
200,4,3,1,1
200,4,4,1,1
200,4,5,1,1
200,4,6,0.8,1
200,5,1,1,1
200,5,2,0.8,1
200,5,3,1,1
200,5,4,0.8,1
200,5,5,0.8,1
200,5,6,1,1
202,1,1,0.8,1
202,1,2,0.4,1
202,1,3,1,1
202,1,4,1,1
202,1,5,1,1
202,1,6,0.8,1
202,2,1,0.8,1
202,2,2,0.8,1
202,2,3,0.6,1
202,2,4,1,1
202,2,5,1,1
202,2,6,1,1
202,3,1,1,1
202,3,2,0.6,1
202,3,3,0.4,1
202,3,4,0.8,1
202,3,5,0.8,1
202,3,6,1,1
207,1,1,0.8,1
207,1,2,1,0
207,1,3,0.2,1
207,1,4,1,1
207,1,5,1,1
207,1,6,1,1
207,2,1,1,1
207,2,2,0.8,0
207,2,3,0.4,1
207,2,4,1,1
207,2,5,0.6,1
207,2,6,1,1
207,3,1,0.6,1
207,3,2,0.6,1
207,3,3,0.4,1
207,3,4,1,1
207,3,5,0.8,1
207,3,6,0.8,1
207,4,1,0.4,1
207,4,2,0.6,1
207,4,3,0.6,0
207,4,4,0.8,1
207,4,5,0.6,1
207,4,6,0.8,1
207,5,1,0.5,1
207,5,2,0.4,1
207,5,3,0.4,1
207,5,4,1,1
207,5,5,0.6666666666666666,1
207,5,6,0.6,1
207,6,1,1,1
207,6,2,0.8,1
207,6,3,0.25,1
207,6,4,1,1
207,6,5,0.8333333333333334,1
207,6,6,0.7142857142857143,1
207,7,1,0.6666666666666666,1
207,7,2,0.6,1
207,7,3,0.8888888888888888,1
207,7,4,0.8571428571428571,1
207,7,5,0.7142857142857143,1
207,7,6,1,0
207,8,1,0.5555555555555556,2
207,8,2,0.5555555555555556,1
207,8,3,0.875,1
207,8,4,1,1
207,8,5,0.8,1
207,8,6,0.875,0
207,9,1,0,0
207,9,2,NaN,1
207,9,3,1,1
207,9,4,0,0
207,9,5,1,1
207,9,6,0.5,0
209,1,1,0.8,1
209,1,2,0.8,1
209,1,3,1,1
209,1,4,0.8,1
209,1,5,1,1
209,1,6,0.8,1
209,2,1,1,1
209,2,2,1,1
209,2,3,1,1
209,2,4,1,1
209,2,5,1,1
209,2,6,1,1
209,3,1,1,1
209,3,2,1,1
209,3,3,0.8,1
209,3,4,1,1
209,3,5,0.8,1
209,3,6,1,1
209,4,1,1,0
209,4,2,1,1
209,4,3,0.6666666666666666,1
209,4,4,1,1
209,4,5,1,1
209,4,6,1,0
210,1,1,1,1
210,1,2,1,1
210,1,3,1,1
210,1,4,1,1
210,1,5,1,1
210,1,6,1,1
210,2,1,1,1
210,2,2,0.6,1
210,2,3,0.8,1
210,2,4,0.8,1
210,2,5,0.8,1
210,2,6,0.8,1
210,3,1,1,1
210,3,2,0.6,1
210,3,3,0.6,1
210,3,4,0.8,1
210,3,5,0.6,1
210,3,6,0.6,1
211,1,1,0.8,1
211,1,2,0.8,1
211,1,3,1,1
211,1,4,0.8,1
211,1,5,0.8,1
211,1,6,1,1
211,2,1,1,1
211,2,2,0.6,1
211,2,3,1,1
211,2,4,1,1
211,2,5,0.8,1
211,2,6,1,1
211,3,1,0.8,1
211,3,2,0.6,1
211,3,3,0.8,1
211,3,4,1,1
211,3,5,0.8,1
211,3,6,1,1
211,4,1,1,1
211,4,2,0.8,1
211,4,3,1,1
211,4,4,1,1
211,4,5,0.8,1
211,4,6,1,1
211,5,1,0.8,1
211,5,2,0.8,1
211,5,3,1,1
211,5,4,0.8,1
211,5,5,1,1
211,5,6,1,1
211,6,1,1,1
211,6,2,1,1
211,6,3,0.6,1
211,6,4,1,1
211,6,5,0.8,1
211,6,6,1,1
211,7,1,1,2
211,7,2,0.3076923076923077,1
211,7,3,1,1
211,7,4,1,1
211,7,5,1,1
211,7,6,1,0
213,1,1,1,1
213,1,2,1,1
213,1,3,0.6,1
213,1,4,1,1
213,1,5,0.8,1
213,1,6,0.8,1
213,2,1,1,1
213,2,2,0.8,1
213,2,3,0.8,1
213,2,4,1,1
213,2,5,0.8,1
213,2,6,1,1
213,3,1,1,0
213,3,2,1,1
213,3,3,1,1
213,3,4,1,0
213,3,5,1,0
213,3,6,1,0
214,1,1,0.6,1
214,1,2,1,1
214,1,3,1,1
214,1,4,0.8,1
214,1,5,0.8,1
214,1,6,1,1
214,2,1,1,1
214,2,2,0.8,1
214,2,3,0.8,1
214,2,4,1,1
214,2,5,1,1
214,2,6,0.8,1
214,3,1,1,1
214,3,2,0.6,1
214,3,3,0.8,1
214,3,4,1,1
214,3,5,1,1
214,3,6,1,1
214,4,1,0.8,1
214,4,2,1,1
214,4,3,1,1
214,4,4,1,1
214,4,5,1,1
214,4,6,0.8,1
214,5,1,1,1
214,5,2,1,1
214,5,3,1,1
214,5,4,1,1
214,5,5,0.8,1
214,5,6,0.8,1
214,6,1,1,1
214,6,2,1,1
214,6,3,1,1
214,6,4,1,1
214,6,5,1,1
214,6,6,0.8,1
214,7,1,1,2
214,7,2,1,1
214,7,3,1,1
214,7,4,1,1
214,7,5,1,1
214,7,6,1,0
214,8,1,1,2
214,8,2,0.875,1
214,8,3,1,1
214,8,4,1,1
214,8,5,1,1
214,8,6,1,0
214,9,1,1,1
214,9,2,1,1
214,9,3,1,2
214,9,4,1,0
214,9,5,0.75,2
214,9,6,1,0
214,10,1,1,3
214,10,2,1,1
214,10,3,1,0
214,10,4,1,1
214,10,5,1,1
214,10,6,1,0
223,1,1,0.8,1
223,1,2,0.6,1
223,1,3,0.8,1
223,1,4,1,1
223,1,5,1,1
223,1,6,0.8,1
223,2,1,1,1
223,2,2,0.8,1
223,2,3,0.6,1
223,2,4,0.8,1
223,2,5,1,1
223,2,6,0.6,1
223,3,1,1,1
223,3,2,0.6,1
223,3,3,1,1
223,3,4,1,1
223,3,5,0.6,1
223,3,6,0.8,1
223,4,1,0.8,1
223,4,2,0.8,1
223,4,3,0.6,1
223,4,4,1,1
223,4,5,0.8,1
223,4,6,0.8,1
223,5,1,1,1
223,5,2,0.8,0
223,5,3,1,1
223,5,4,1,1
223,5,5,1,1
223,5,6,0.8,1
223,6,1,0.8571428571428571,1
223,6,2,0.8,0
223,6,3,0.4,1
223,6,4,1,1
223,6,5,1,1
223,6,6,0.8,1
223,7,1,1,2
223,7,2,0.3076923076923077,1
223,7,3,1,1
223,7,4,0.5714285714285714,1
223,7,5,0.8,1
223,7,6,0.9166666666666666,0
223,8,1,1,2
223,8,2,0.875,1
223,8,3,1,1
223,8,4,0.75,1
223,8,5,0.18181818181818182,1
223,8,6,0.875,0
223,9,1,1,1
223,9,2,0.4444444444444444,1
223,9,3,1,2
223,9,4,1,0
223,9,5,1,2
223,9,6,0.9166666666666666,0
223,10,1,0.6,3
223,10,2,1,1
223,10,3,1,0
223,10,4,1,1
223,10,5,1,1
223,10,6,0.42857142857142855,0
225,1,1,0.6,1
225,1,2,0.8,0
225,1,3,0.8,1
225,1,4,0.8,1
225,1,5,1,1
225,1,6,0.8,1
225,2,1,1,1
225,2,2,1,1
225,2,3,1,1
225,2,4,1,1
225,2,5,1,1
225,2,6,1,1
225,3,1,1,1
225,3,2,0.6,1
225,3,3,0.8,1
225,3,4,1,1
225,3,5,1,1
225,3,6,1,1
232,1,1,1,1
232,1,2,0.4,1
232,1,3,0.8,1
232,1,4,1,1
232,1,5,0.8,1
232,1,6,0.8,1
232,2,1,0.8,1
232,2,2,0.2,1
232,2,3,0.6,1
232,2,4,0.6,1
232,2,5,0.8,1
232,2,6,0.6,1
232,3,1,0.8,1
232,3,2,0.8,1
232,3,3,0.8,1
232,3,4,0.8,1
232,3,5,0.8,1
232,3,6,0.6,1
232,4,1,1,1
232,4,2,0.6,1
232,4,3,0.6,1
232,4,4,0.8,1
232,4,5,0.8,1
232,4,6,0.8,1
232,5,1,1,1
232,5,2,1,1
232,5,3,0.6,1
232,5,4,0.8,1
232,5,5,0.8,1
232,5,6,0.8,1
232,6,1,1,1
232,6,2,0.8,1
232,6,3,0.4,1
232,6,4,0.8,1
232,6,5,1,1
232,6,6,0.8,1
232,7,1,1,2
232,7,2,0.3076923076923077,1
232,7,3,1,1
232,7,4,0.8571428571428571,1
232,7,5,1,1
232,7,6,0.6666666666666666,0
233,1,1,0.8,1
233,1,2,0.6,1
233,1,3,0.8,1
233,1,4,0.6,1
233,1,5,0.8,1
233,1,6,0.8,1
233,2,1,1,1
233,2,2,0.6,1
233,2,3,0.8,1
233,2,4,0.6,1
233,2,5,0.8,1
233,2,6,0.8,1
233,3,1,1,1
233,3,2,0.8,0
233,3,3,0.8,1
233,3,4,0.6,1
233,3,5,0.8,1
233,3,6,0.8,1
233,4,1,0.8,1
233,4,2,0.8,1
233,4,3,0.8,1
233,4,4,0.8,1
233,4,5,0.6,1
233,4,6,1,1
233,5,1,0.8,1
233,5,2,0.6,1
233,5,3,0.8,1
233,5,4,1,1
233,5,5,0.8,1
233,5,6,0.8,1
233,6,1,0.8571428571428571,1
233,6,2,0.8,1
233,6,3,0.6,1
233,6,4,0.8,1
233,6,5,0.8,1
233,6,6,0.8,1
239,1,1,0.8,1
239,1,2,0.8,1
239,1,3,0.8,1
239,1,4,0.8,1
239,1,5,0.8,1
239,1,6,0.8,1
239,2,1,1,1
239,2,2,0.8,0
239,2,3,0.6,1
239,2,4,1,1
239,2,5,0.8,1
239,2,6,0.8,1
239,3,1,1,1
239,3,2,0.6,1
239,3,3,0.8,1
239,3,4,0.6,1
239,3,5,0.6,1
239,3,6,0.8,1
242,1,1,0.8,1
242,1,2,1,1
242,1,3,1,1
242,1,4,0.8,1
242,1,5,1,1
242,1,6,0.8,1
242,2,1,1,1
242,2,2,0.6,1
242,2,3,1,1
242,2,4,1,1
242,2,5,0.8,1
242,2,6,1,1
242,3,1,0.8,1
242,3,2,0.4,1
242,3,3,0.8,1
242,3,4,1,1
242,3,5,1,1
242,3,6,0.8,1
242,4,1,0.8,1
242,4,2,0.6,1
242,4,3,0.6,1
242,4,4,1,1
242,4,5,0.8,1
242,4,6,1,1
242,5,1,0.8,1
242,5,2,0.6,1
242,5,3,0.8,1
242,5,4,1,1
242,5,5,0.8,1
242,5,6,1,1
242,6,1,0.8571428571428571,1
242,6,2,1,1
242,6,3,0.8,1
242,6,4,1,1
242,6,5,0.8,1
242,6,6,1,1
242,7,1,1,2
242,7,2,0.5384615384615384,1
242,7,3,1,1
242,7,4,1,1
242,7,5,0.8,1
242,7,6,1,0
242,8,1,1,2
242,8,2,1,1
242,8,3,1,1
242,8,4,1,1
242,8,5,0.9090909090909091,1
242,8,6,1,0
242,9,1,1,1
242,9,2,0.3333333333333333,1
242,9,3,1,2
242,9,4,1,0
242,9,5,1,2
242,9,6,1,0
243,1,1,0.8,1
243,1,2,0.8,1
243,1,3,0.8,1
243,1,4,1,1
243,1,5,1,1
243,1,6,0.8,1
243,2,1,1,1
243,2,2,0.8,1
243,2,3,0.6,1
243,2,4,1,1
243,2,5,1,1
243,2,6,1,1
249,1,1,0.8,1
249,1,2,1,1
249,1,3,1,1
249,1,4,0.8,1
249,1,5,1,1
249,1,6,0.8,1
249,2,1,1,1
249,2,2,0.8,1
249,2,3,0.8,1
249,2,4,1,1
249,2,5,0.8,1
249,2,6,0.8,1
249,3,1,1,1
249,3,2,1,1
249,3,3,1,1
249,3,4,1,1
249,3,5,1,1
249,3,6,1,1
249,4,1,0.8,1
249,4,2,0.8,1
249,4,3,0.8,1
249,4,4,1,1
249,4,5,1,1
249,4,6,1,1
249,5,1,1,1
249,5,2,0.8,1
249,5,3,0.6,1
249,5,4,0.8,1
249,5,5,1,1
249,5,6,0.8,1
249,6,1,1,1
249,6,2,1,1
249,6,3,1,1
249,6,4,1,1
249,6,5,1,1
249,6,6,0.8,1
249,7,1,1,2
249,7,2,0.6153846153846154,1
249,7,3,1,1
249,7,4,1,1
249,7,5,1,1
249,7,6,0.9166666666666666,0
249,8,1,1,2
249,8,2,1,1
249,8,3,1,1
249,8,4,1,1
249,8,5,1,1
249,8,6,0.875,0
250,1,1,0.8,1
250,1,2,0.6,1
250,1,3,0.8,1
250,1,4,1,1
250,1,5,1,1
250,1,6,1,1
250,2,1,0.8,1
250,2,2,1,1
250,2,3,1,1
250,2,4,1,1
250,2,5,1,1
250,2,6,1,1
250,3,1,1,1
250,3,2,1,1
250,3,3,1,1
250,3,4,1,1
250,3,5,0.8,1
250,3,6,1,1
250,4,1,1,1
250,4,2,1,1
250,4,3,1,1
250,4,4,1,1
250,4,5,1,1
250,4,6,0.6,1
250,5,1,0.8,1
250,5,2,1,1
250,5,3,1,1
250,5,4,1,1
250,5,5,0.8,1
250,5,6,1,1
250,6,1,1,0
250,6,2,1,1
250,6,3,1,1
250,6,4,1,1
250,6,5,0.6666666666666666,1
250,6,6,1,1
252,1,1,0.8,1
252,1,2,0.4,1
252,1,3,0.6,1
252,1,4,0.8,1
252,1,5,1,1
252,1,6,0.8,1
252,2,1,0.6,1
252,2,2,0.6,1
252,2,3,0.4,1
252,2,4,0.8,1
252,2,5,1,1
252,2,6,0.8,1
252,3,1,0.8,1
252,3,2,0.6,1
252,3,3,0.8,1
252,3,4,0.8,1
252,3,5,0.8,1
252,3,6,0.8,1
252,4,1,0.8,1
252,4,2,0.4,1
252,4,3,0.8,1
252,4,4,0.8,1
252,4,5,1,1
252,4,6,0.8,1
252,5,1,0.8,1
252,5,2,0.6,1
252,5,3,0.8,1
252,5,4,0.8,1
252,5,5,0.8,1
252,5,6,0.8,1
252,6,1,0.2857142857142857,1
252,6,2,0.6,1
252,6,3,0.8,1
252,6,4,1,1
252,6,5,1,1
252,6,6,0.8,1
252,7,1,0.8333333333333334,2
252,7,2,0,1
252,7,3,0.7777777777777778,1
252,7,4,0.5714285714285714,1
252,7,5,1,1
252,7,6,0.9166666666666666,0
252,8,1,0.875,2
252,8,2,0.75,1
252,8,3,1,1
252,8,4,0.375,1
252,8,5,1,1
252,8,6,0.875,0
252,9,2,NaN,1
252,9,4,0,0
252,9,5,1,0
252,9,6,1,0
254,1,1,0.8,1
254,1,2,0.6,1
254,1,3,0.6,1
254,1,4,0.6,1
254,1,5,0.6,1
254,1,6,0.8,1
254,2,1,0.8,1
254,2,2,0.6,1
254,2,3,0.6,1
254,2,4,0.6,1
254,2,5,0.6,1
254,2,6,0.8,1
254,3,1,1,1
254,3,2,0.4,1
254,3,3,0.6,1
254,3,4,0.8,1
254,3,5,1,1
254,3,6,0.8,1
254,4,1,0.8,1
254,4,2,0.8,1
254,4,3,0.8,1
254,4,4,0.6,1
254,4,5,1,1
254,4,6,0.8,1
254,5,1,0.6,1
254,5,2,0.6,1
254,5,3,0.8,1
254,5,4,0.8,1
254,5,5,0.8,1
254,5,6,0.8,1
258,1,1,0.8,1
258,1,2,0.6,1
258,1,3,0.6,1
258,1,4,0.6,1
258,1,5,0.6,1
258,1,6,0.8,1
258,2,1,1,0
258,2,2,0.6,0
258,2,3,0.6,1
258,2,4,0.8,1
258,2,5,0.8,1
258,2,6,0.6,1
258,3,1,0.6,1
258,3,2,0.6,1
258,3,3,0.8,1
258,3,4,1,1
258,3,5,1,1
258,3,6,1,1
258,4,1,1,1
258,4,2,0.8,1
258,4,3,0.6,1
258,4,4,0.4,1
258,4,5,1,1
258,4,6,0.8,1
258,5,1,1,1
258,5,2,0.8,1
258,5,3,1,1
258,5,4,0.8,1
258,5,5,0.8,1
258,5,6,0.8,1
258,6,1,0.8571428571428571,1
258,6,2,0.8,1
258,6,3,0.6,1
258,6,4,0.8,1
258,6,5,0.8,1
258,6,6,0.8,1
258,7,1,1,2
258,7,2,0.3076923076923077,1
258,7,3,1,1
258,7,4,1,1
258,7,5,1,1
258,7,6,0.9166666666666666,0
258,8,1,1,2
258,8,2,0.875,1
258,8,3,1,1
258,8,4,1,1
258,8,5,1,1
258,8,6,0.875,0
258,9,1,1,1
258,9,2,0.5555555555555556,1
258,9,3,1,2
258,9,4,1,0
258,9,5,1,2
258,9,6,0.9166666666666666,0
258,10,1,0.8,2
258,10,2,1,1
258,10,3,1,0
258,10,4,1,1
258,10,5,1,1
258,10,6,0.5714285714285714,0
261,1,1,0.8,1
261,1,2,0.8,1
261,1,3,0.8,1
261,1,4,1,1
261,1,5,0.8,1
261,1,6,0.8,1
261,2,1,0.8,1
261,2,2,0.6,1
261,2,3,1,1
261,2,4,1,1
261,2,5,1,1
261,2,6,1,1
261,3,1,0.8,1
261,3,2,1,1
261,3,3,0.8,1
261,3,4,1,1
261,3,5,0.8,1
261,3,6,0.4,1
261,4,1,1,0
261,4,2,0.25,1
261,4,3,0.6,1
261,4,4,0.75,1
261,4,5,1,1
261,4,6,0.75,1
261,5,1,0.6,1
261,5,2,0.4,1
261,5,3,0.8,1
261,5,4,0.75,1
261,5,5,1,1
261,5,6,0.8,1
261,6,1,1,1
261,6,2,0.6,1
261,6,3,0.8,1
261,6,4,1,1
261,6,5,0.8,1
261,6,6,0.8,1
261,7,1,1,2
261,7,2,0.7692307692307693,1
261,7,3,0.8888888888888888,1
261,7,4,0.8571428571428571,1
261,7,5,1,1
261,7,6,0.9166666666666666,0
261,8,1,0.75,2
261,8,2,0.625,1
261,8,3,0.8888888888888888,1
261,8,4,0.75,1
261,8,5,1,1
261,8,6,0.875,0
261,9,1,0.7692307692307693,1
261,9,2,1,1
261,9,3,1,2
261,9,4,1,0
261,9,5,1,2
261,9,6,0.9166666666666666,0
261,10,1,1,3
261,10,2,0.8461538461538461,1
261,10,3,0.8333333333333334,0
261,10,4,1,1
261,10,5,1,1
261,10,6,0.35714285714285715,0
262,1,1,0.8,1
262,1,2,0.8,1
262,1,3,1,1
262,1,4,1,1
262,1,5,0.8,1
262,1,6,0.8,1
262,2,1,1,1
262,2,2,0.8,1
262,2,3,0.8,1
262,2,4,0.8,1
262,2,5,0.8,1
262,2,6,1,1
262,3,1,0.6,1
262,3,2,0.6,1
262,3,3,1,1
262,3,4,0.8,1
262,3,5,1,1
262,3,6,0.8,1
262,4,1,1,1
262,4,2,1,1
262,4,3,0.6,1
262,4,4,1,1
262,4,5,0.6,1
262,4,6,1,1
262,5,1,1,1
262,5,2,1,1
262,5,3,0.8,1
262,5,4,0.8,1
262,5,5,0.6,1
262,5,6,1,1
265,1,1,0.6,1
265,1,2,0.8,1
265,1,3,0.8,1
265,1,4,1,1
265,1,5,0.6,1
265,1,6,0.8,1
265,2,1,1,1
265,2,2,0.8,1
265,2,3,0.8,1
265,2,4,1,1
265,2,5,0.8,1
265,2,6,0.8,1
265,3,1,0.8,1
265,3,2,1,1
265,3,3,0.6,1
265,3,4,1,1
265,3,5,1,1
265,3,6,0.8,1
265,4,1,0.6,1
265,4,2,0.8,1
265,4,3,0.8,1
265,4,4,0.8,1
265,4,5,0.8,1
265,4,6,0.8,1
265,5,1,0.6,1
265,5,2,0.8,1
265,5,3,0.8,1
265,5,4,0.8,1
265,5,5,1,1
265,5,6,0.6,1
265,6,1,0.7142857142857143,1
265,6,2,0.8,1
265,6,3,0.6,1
265,6,4,0.8,1
265,6,5,0.6,1
265,6,6,0.8,1
265,7,1,1,2
265,7,2,1,1
265,7,3,1,1
265,7,4,1,1
265,7,5,1,1
265,7,6,1,0
265,8,1,0.75,2
265,8,2,0.75,1
265,8,3,1,1
265,8,4,0.875,1
265,8,5,1,1
265,8,6,0.875,0
266,1,1,1,1
266,1,2,0.2,1
266,1,3,0.4,1
266,1,4,0.6,1
266,1,5,1,1
266,1,6,0.8,1
266,2,1,1,1
266,2,2,0.6,1
266,2,3,0.6,1
266,2,4,0.8,1
266,2,5,0.6,1
266,2,6,0.6,1
266,3,1,1,0
266,3,2,0.6,1
266,3,3,0.6,1
266,3,4,0.8,1
266,3,5,1,1
266,3,6,0.6,1
266,4,1,0.8,1
266,4,2,0.8,0
266,4,3,0.8,1
266,4,4,0.8,1
266,4,5,0.8,1
266,4,6,0.8,1
266,5,1,0.6,1
266,5,2,0.6,1
266,5,3,0.8,1
266,5,4,1,1
266,5,5,0.6,1
266,5,6,0.8,1
266,6,1,0.7142857142857143,1
266,6,2,0.8,1
266,6,3,0.4,1
266,6,4,1,1
266,6,5,0.8,1
266,6,6,0.6,1
266,7,1,0.5,2
266,7,2,0.15384615384615385,1
266,7,3,0.8888888888888888,1
266,7,4,0.8571428571428571,1
266,7,5,0.6,1
266,7,6,0.9166666666666666,0
266,8,1,0.75,2
266,8,2,0.75,1
266,8,3,1,1
266,8,4,1,1
266,8,5,1,1
266,8,6,0.75,0
266,9,1,0.8461538461538461,1
266,9,2,0.7777777777777778,1
266,9,3,0.5,2
266,9,4,1,0
266,9,5,0.75,2
266,9,6,1,0
266,10,1,1,3
266,10,2,0.6153846153846154,1
266,10,3,1,0
266,10,4,0.8461538461538461,1
266,10,5,0.7333333333333333,1
266,10,6,1,0
268,1,1,0.8,1
268,1,2,0.6,1
268,1,3,0.8,1
268,1,4,1,1
268,1,5,0.8,1
268,1,6,0.8,1
268,2,1,1,1
268,2,2,0.6,1
268,2,3,0.8,1
268,2,4,1,1
268,2,5,0.8,1
268,2,6,1,1
268,3,1,0.8,1
268,3,2,0.8,1
268,3,3,0.8,1
268,3,4,1,1
268,3,5,0.8,1
268,3,6,1,1
268,4,1,0.8,1
268,4,2,0.6,1
268,4,3,0.6,1
268,4,4,1,1
268,4,5,1,1
268,4,6,1,1
268,5,1,0.6,1
268,5,2,1,1
268,5,3,0.8,1
268,5,4,1,1
268,5,5,0.8,1
268,5,6,1,1
268,6,1,0.7142857142857143,1
268,6,2,0.8,1
268,6,3,0.8,1
268,6,4,1,1
268,6,5,1,1
268,6,6,1,1
268,7,1,0.8333333333333334,1
268,7,2,0.7692307692307693,1
268,7,3,0.3333333333333333,1
268,7,4,1,1
268,7,5,0.8,1
268,7,6,1,0
268,8,1,1,2
268,8,2,0.625,1
268,8,3,0.6666666666666666,1
268,8,4,0.875,1
268,8,5,0.9090909090909091,1
268,8,6,1,0
271,1,1,0.8,1
271,1,2,0.8,1
271,1,3,0.6,1
271,1,4,0.6,1
271,1,5,1,1
271,1,6,0.8,1
271,2,1,0.8,1
271,2,2,1,1
271,2,3,0.8,1
271,2,4,1,1
271,2,5,0.6,1
271,2,6,1,1
271,3,1,0.8,1
271,3,2,1,1
271,3,3,0.6,1
271,3,4,0.4,1
271,3,5,0.6,1
271,3,6,1,1
271,4,1,1,1
271,4,2,0.8,1
271,4,3,0.6,1
271,4,4,0.4,1
271,4,5,0.8,1
271,4,6,0.8,1
271,5,1,0.8,1
271,5,2,0.8,1
271,5,3,0.6,1
271,5,4,0.4,1
271,5,5,1,1
271,5,6,1,1
271,6,1,1,1
271,6,2,0.8,1
271,6,3,0.6,1
271,6,4,0.8,1
271,6,5,1,1
271,6,6,1,1
271,7,1,1,2
271,7,2,1,1
271,7,3,1,1
271,7,4,0.2857142857142857,1
271,7,5,1,1
271,7,6,1,0
271,8,1,1,2
271,8,2,1,1
271,8,3,0.8888888888888888,1
271,8,4,0.375,1
271,8,5,1,1
271,8,6,0.75,0
271,9,1,1,1
271,9,2,0.7777777777777778,1
271,9,3,1,2
271,9,4,0.75,0
271,9,5,1,2
271,9,6,0.9166666666666666,0
271,10,1,1,3
271,10,2,0.5384615384615384,1
271,10,3,1,0
271,10,4,1,1
271,10,5,1,1
271,10,6,0.35714285714285715,0
273,1,1,1,1
273,1,2,0.6,0
273,1,3,0.8,1
273,1,4,1,1
273,1,5,0.8,1
273,1,6,0.8,1
273,2,1,1,1
273,2,2,0.4,1
273,2,3,0.6,1
273,2,4,1,1
273,2,5,0.8,1
273,2,6,0.8,1
273,3,1,0.6,1
273,3,2,0.4,1
273,3,3,1,1
273,3,4,1,1
273,3,5,1,1
273,3,6,0.8,1
273,4,1,0.8,1
273,4,2,0.6,1
273,4,3,0.8,1
273,4,4,0.8,1
273,4,5,0.8,1
273,4,6,0.8,1
273,5,1,1,1
273,5,2,0.4,1
273,5,3,1,1
273,5,4,1,1
273,5,5,1,1
273,5,6,0.8,1
273,6,1,1,1
273,6,2,0.8,1
273,6,3,0.8,1
273,6,4,0.8,1
273,6,5,0.8,1
273,6,6,0.6,1
274,1,1,0.8,1
274,1,2,0.8,1
274,1,3,0.6,1
274,1,4,1,1
274,1,5,0.8,1
274,1,6,1,1
274,2,1,1,1
274,2,2,0.8,1
274,2,3,0.6,1
274,2,4,1,1
274,2,5,1,1
274,2,6,0.8,1
274,3,1,1,1
274,3,2,0.6,1
274,3,3,0.8,1
274,3,4,1,1
274,3,5,0.8,1
274,3,6,0.8,1
274,4,1,0.8,1
274,4,2,0.6,1
274,4,3,0.6,1
274,4,4,1,1
274,4,5,0.8,1
274,4,6,0.8,1
274,5,1,0.8,1
274,5,2,0.8,1
274,5,3,0.8,1
274,5,4,1,1
274,5,5,0.8,1
274,5,6,0.8,1
274,6,1,1,1
274,6,2,0.8,1
274,6,3,0.6,1
274,6,4,1,1
274,6,5,1,1
274,6,6,0.8,1
274,7,1,1,2
274,7,2,1,1
274,7,3,1,1
274,7,4,1,1
274,7,5,1,1
274,7,6,0.9166666666666666,0
274,8,1,1,2
274,8,2,1,1
274,8,3,1,1
274,8,4,1,1
274,8,5,1,1
274,8,6,0.875,0
274,9,1,1,1
274,9,2,0.5555555555555556,1
274,9,3,1,2
274,9,4,1,0
274,9,5,1,2
274,9,6,0.9166666666666666,0
276,1,1,0.8,1
276,1,2,0.6,1
276,1,3,0.6,1
276,1,4,1,1
276,1,5,0.8,1
276,1,6,1,1
276,2,1,0.8,1
276,2,2,0.6,1
276,2,3,0.6,1
276,2,4,1,1
276,2,5,0.8,1
276,2,6,0.8,1
276,3,1,1,1
276,3,2,0.8,1
276,3,3,0.8,1
276,3,4,0.8,1
276,3,5,0.8,1
276,3,6,0.8,1
276,4,1,0.6,1
276,4,2,0.6,1
276,4,3,0.8,1
276,4,4,0.6,1
276,4,5,1,1
276,4,6,0.8,1
276,5,1,0.6,1
276,5,2,0.4,1
276,5,3,0.8,1
276,5,4,1,1
276,5,5,1,1
276,5,6,0.8,1
276,6,1,0.7142857142857143,1
276,6,2,0.6,1
276,6,3,0.6,1
276,6,4,1,1
276,6,5,0.8,1
276,6,6,0.6,1
276,7,1,1,2
276,7,2,0.38461538461538464,1
276,7,3,1,1
276,7,4,0.7142857142857143,1
276,7,5,0.8,1
276,7,6,0.5833333333333334,0
276,8,1,1,2
276,8,2,0.75,1
276,8,3,0.8888888888888888,1
276,8,4,0.625,1
276,8,5,0.18181818181818182,1
276,8,6,0.375,0
276,9,1,0.8461538461538461,1
276,9,2,0.6666666666666666,1
276,9,3,1,2
276,9,4,0.75,0
276,9,5,0.75,2
276,9,6,0.75,0
276,10,1,0,3
276,10,2,0.3076923076923077,1
276,10,3,0.3333333333333333,0
276,10,4,1,1
276,10,5,1,1
276,10,6,0.07142857142857142,0
280,1,1,0.8,1
280,1,2,0.4,1
280,1,3,0.8,1
280,1,4,0.4,1
280,1,5,1,1
280,1,6,0.8,1
280,2,1,0.8,1
280,2,2,0.5,1
280,2,3,0.6,1
280,2,4,0.4,1
280,2,5,1,1
280,2,6,0.8,1
280,3,1,1,1
280,3,2,0.8,1
280,3,3,0.8,1
280,3,4,0.6,1
280,3,5,1,1
280,3,6,0.8,1
280,4,1,1,1
280,4,2,0.8,0
280,4,3,1,1
280,4,4,0.8,1
280,4,5,1,1
280,4,6,0.8,1
280,5,1,1,1
280,5,2,0.6,1
280,5,3,0.8,1
280,5,4,0.8,1
280,5,5,0.8,1
280,5,6,0.8,1
280,6,1,1,1
280,6,2,1,1
280,6,3,0.8,1
280,6,4,1,1
280,6,5,1,1
280,6,6,0.8,1
280,7,1,1,2
280,7,2,0.3076923076923077,1
280,7,3,1,1
280,7,4,1,1
280,7,5,0.8,1
280,7,6,0.9166666666666666,0
280,8,1,1,2
280,8,2,0.875,1
280,8,3,1,1
280,8,4,0.75,1
280,8,5,1,1
280,8,6,0.875,0
280,9,1,1,1
280,9,2,0.5555555555555556,0
280,9,3,1,2
280,9,4,1,0
280,9,5,1,2
280,9,6,0.9166666666666666,0
280,10,1,1,3
280,10,2,1,1
280,10,3,1,0
280,10,4,1,1
280,10,5,1,1
280,10,6,0.35714285714285715,0
282,1,1,0.8,1
282,1,2,0.8,1
282,1,3,1,1
282,1,4,1,1
282,1,5,0.8,1
282,1,6,0.8,1
282,2,1,0.6,1
282,2,2,1,1
282,2,3,0.8,1
282,2,4,0.8,1
282,2,5,1,1
282,2,6,0.6,1
282,3,1,1,1
282,3,2,0.6,1
282,3,3,1,1
282,3,4,1,1
282,3,5,0.8,1
282,3,6,0.8,1
283,1,1,0.6,1
283,1,2,0.8,0
283,1,3,0.8,1
283,1,4,0.8,1
283,1,5,0.6,1
283,1,6,0.6,0
283,2,1,1,1
283,2,2,0.6,1
283,2,3,0.8,1
283,2,4,1,1
283,2,5,0.6,1
283,2,6,0.8,1
283,3,1,0.8,1
283,3,2,0.8,1
283,3,3,0.8,1
283,3,4,0.8,1
283,3,5,0.8,1
283,3,6,0.8,1
283,4,1,0.6,1
283,4,2,0.4,1
283,4,3,0.2,1
283,4,4,0.8,1
283,4,5,0.6,1
283,4,6,0.8,1
283,5,1,0.8,1
283,5,2,0.2,1
283,5,3,0.6,1
283,5,4,0.8,1
283,5,5,1,1
283,5,6,0.8,1
283,6,1,0.2857142857142857,1
283,6,2,0.8,1
283,6,3,0.6,1
283,6,4,0.8,1
283,6,5,0.8,1
283,6,6,0.6,1
283,7,1,1,2
283,7,2,1,1
283,7,3,0.8888888888888888,1
283,7,4,1,1
283,7,5,0.8,1
283,7,6,0.5833333333333334,0
283,8,1,0.75,2
283,8,2,0.5,1
283,8,3,0.6666666666666666,0
283,8,4,0.75,1
283,8,5,0.9090909090909091,1
283,8,6,0.625,0
283,9,1,1,1
283,9,2,0.5555555555555556,1
283,9,3,0.75,2
283,9,4,0.625,0
283,9,5,1,2
283,9,6,0.5,0
283,10,1,0.6,3
283,10,2,1,0
283,10,3,0.6666666666666666,0
283,10,4,0.38461538461538464,1
283,10,5,0.7333333333333333,1
283,10,6,0.9285714285714286,0
284,1,1,0.8,1
284,1,2,0.4,1
284,1,3,0.6,1
284,1,4,0.8,1
284,1,5,1,1
284,1,6,0.8,1
284,2,1,0.8,1
284,2,2,0.8,1
284,2,3,0.6,1
284,2,4,0.8,1
284,2,5,0.6,1
284,2,6,1,1
284,3,1,1,1
284,3,2,0.6,1
284,3,3,0.8,1
284,3,4,0.8,1
284,3,5,0.8,1
284,3,6,0.75,1
284,4,1,0.8,1
284,4,2,1,1
284,4,3,0.6,1
284,4,4,0.8,1
284,4,5,1,1
284,4,6,0.8,1
284,5,1,0.8,1
284,5,2,0.8,1
284,5,3,0.6,1
284,5,4,0.4,1
284,5,5,1,1
284,5,6,0.8,1
285,1,1,0.8,1
285,1,2,1,1
285,1,3,0.8,1
285,1,4,0.8,1
285,1,5,0.6,1
285,1,6,0.8,1
285,2,1,1,1
285,2,2,0.8,1
285,2,3,0.6,1
285,2,4,0.8,1
285,2,5,0.6,1
285,2,6,0.8,1
285,3,1,0.8,1
285,3,2,0.6,0
285,3,3,0.6,1
285,3,4,0.8,1
285,3,5,0.6,1
285,3,6,0.8,1
285,4,1,0.8,1
285,4,2,0.6,1
285,4,3,0.6,1
285,4,4,0.8,1
285,4,5,0.8,1
285,4,6,0.8,1
285,5,1,0.8,1
285,5,2,0.8,1
285,5,3,0.6,1
285,5,4,0.8,1
285,5,5,0.6,1
285,5,6,0.8,1
285,6,1,0.14285714285714285,1
285,6,2,0.8,1
285,6,3,0.6,1
285,6,4,0.8,1
285,6,5,0.8,1
285,6,6,0.75,1
285,7,1,0.8333333333333334,2
285,7,2,0.6,1
285,7,3,1,1
285,7,4,1,1
285,7,5,1,1
285,7,6,0.9166666666666666,0
285,8,1,0.875,2
285,8,2,0.875,1
285,8,3,0.8571428571428571,1
285,8,4,1,1
285,8,5,1,1
285,8,6,0.875,0
291,1,1,0.8,1
291,1,2,0.8,1
291,1,3,1,1
291,1,4,0.6,1
291,1,5,1,1
291,1,6,0.8,1
291,2,1,1,1
291,2,2,0.6,1
291,2,3,1,1
291,2,4,0.8,1
291,2,5,0.8,1
291,2,6,1,1
291,3,1,0.8,1
291,3,2,0.8,1
291,3,3,0.8,1
291,3,4,0.8,1
291,3,5,0.8,1
291,3,6,0.8,1
291,4,1,1,1
291,4,2,0.8,1
291,4,3,0.8,1
291,4,4,1,1
291,4,5,0.8,1
291,4,6,0.8,1
291,5,1,0.8,1
291,5,2,1,1
291,5,3,0.8,1
291,5,4,0.8,1
291,5,5,0.8,1
291,5,6,1,1
292,1,1,1,1
292,1,2,0.6,1
292,1,3,0.8,1
292,1,4,1,1
292,1,5,1,1
292,1,6,0.8,1
292,2,1,0.8,1
292,2,2,0.6,1
292,2,3,0.8,1
292,2,4,1,1
292,2,5,0.8,1
292,2,6,0.8,1
292,3,1,0.8,1
292,3,2,0.6,1
292,3,3,1,1
292,3,4,1,1
292,3,5,1,1
292,3,6,0.8,1
295,1,1,1,1
295,1,2,0.6,1
295,1,3,0.8,1
295,1,4,0.8,1
295,1,5,0.8,1
295,1,6,0.8,1
295,2,1,1,1
295,2,2,0.6,1
295,2,3,0.8,1
295,2,4,1,1
295,2,5,0.8,1
295,2,6,0.8,1
295,3,1,1,1
295,3,2,0.4,1
295,3,3,0.6,1
295,3,4,1,1
295,3,5,1,1
295,3,6,0.8,1
295,4,1,0.8,1
295,4,2,0.2,1
295,4,3,0.8,1
295,4,4,1,1
295,4,5,0.6,1
295,4,6,0.8,1
295,5,1,1,1
295,5,2,0.4,1
295,5,3,0.4,1
295,5,4,1,1
295,5,5,1,1
295,5,6,0.8,1
295,6,1,0.42857142857142855,1
295,6,2,0.8,1
295,6,3,0.6,1
295,6,4,1,1
295,6,5,0.8,1
295,6,6,0.8,1
295,7,1,0.8333333333333334,2
295,7,2,0.15384615384615385,1
295,7,3,1,1
295,7,4,1,1
295,7,5,0.8,1
295,7,6,0.9166666666666666,0
296,1,1,1,1
296,1,2,0.6,1
296,1,3,0.6,1
296,1,4,1,1
296,1,5,1,1
296,1,6,1,1
296,2,1,1,1
296,2,2,0.8,1
296,2,3,0.6,1
296,2,4,0.6,1
296,2,5,0.8,1
296,2,6,1,1
296,3,1,1,1
296,3,2,0.8,1
296,3,3,0.6,1
296,3,4,1,1
296,3,5,0.8,1
296,3,6,0.6,1
296,4,1,0.8,1
296,4,2,0.6,1
296,4,3,0.6,1
296,4,4,1,1
296,4,5,1,1
296,4,6,0.8,1
296,5,1,1,1
296,5,2,0.6,1
296,5,3,0.4,1
296,5,4,0.2,1
296,5,5,1,1
296,5,6,1,1
296,6,1,0.2857142857142857,0
296,6,2,0.8,1
296,6,3,0.6,1
296,6,4,1,1
296,6,5,1,1
296,6,6,0.8,1
296,7,1,0.8333333333333334,2
296,7,2,1,1
296,7,3,0.8888888888888888,1
296,7,4,0.7142857142857143,1
296,7,5,0.8,1
296,7,6,0.9166666666666666,0
296,8,1,1,2
296,8,2,1,1
296,8,3,0.8888888888888888,1
296,8,4,0.875,1
296,8,5,1,1
296,8,6,0.875,0
296,9,1,0.6153846153846154,1
296,9,2,0.5555555555555556,1
296,9,3,0.75,2
296,9,4,0.625,0
296,9,5,1,2
296,9,6,0.9166666666666666,0
296,10,1,0.8,3
296,10,2,0.6153846153846154,1
296,10,3,0.6666666666666666,0
296,10,4,0.9230769230769231,1
296,10,5,0.8666666666666667,1
296,10,6,1,0
298,1,1,0.8,1
298,1,2,0.4,1
298,1,3,0.8,1
298,1,4,1,1
298,1,5,0.4,1
298,1,6,1,1
298,2,1,0.2,0
298,2,2,0.6,1
298,2,3,0.6,0
298,2,4,0.6,1
298,2,5,0.6,1
298,2,6,0.6,1
298,3,1,0.6,1
298,3,2,0.4,0
298,3,3,0.4,0
298,3,4,0.4,1
298,3,5,0.8,0
298,3,6,0.2,1
298,4,1,0.6,1
298,4,2,0.6,0
298,4,3,0.6,1
298,4,4,0.6,0
298,4,5,0.6,0
298,4,6,0.4,1
298,5,1,0.6,1
298,5,2,0.2,0
298,5,3,0.4,1
298,5,4,0.6,0
298,5,5,0.6,1
298,5,6,0.4,0
298,6,1,0.42857142857142855,1
298,6,2,0.4,1
298,6,3,0.8,1
298,6,4,0.8,0
298,6,5,0.8,1
298,6,6,0.8,0
298,7,1,0.5,1
298,7,2,0.15384615384615385,1
298,7,3,0.5555555555555556,0
298,7,4,0.42857142857142855,1
298,7,5,0.4,0
298,7,6,0.08333333333333333,0
298,8,1,0.75,0
298,8,2,0.625,0
298,8,3,0.7777777777777778,0
298,8,4,0.125,0
298,8,5,0.6363636363636364,0
298,8,6,0.375,0
298,9,1,0.38461538461538464,0
298,9,2,0.4444444444444444,1
298,9,3,0.5,1
298,9,4,0.25,0
298,9,5,0.25,0
298,9,6,0.5833333333333334,0
298,10,1,0.2,3
298,10,2,0.5,1
298,10,3,0,0
298,10,4,0.4444444444444444,0
298,10,5,0.38461538461538464,0
298,10,6,1,0
304,1,1,0.8,1
304,1,2,0.6,1
304,1,3,0.4,1
304,1,4,0.6,1
304,1,5,0.8,1
304,1,6,0.8,1
304,2,1,0.8,1
304,2,2,0.8,1
304,2,3,0.8,1
304,2,4,0.8,1
304,2,5,0.8,1
304,2,6,0.8,0
304,3,1,1,1
304,3,2,0.6,1
304,3,3,0.8,1
304,3,4,1,1
304,3,5,0.6,1
304,3,6,0.8,0
304,4,1,0.8,1
304,4,2,0.4,1
304,4,3,0.6,1
304,4,4,0.8,1
304,4,5,0.2,0
304,4,6,1,1
304,5,1,1,1
304,5,2,0.4,1
304,5,3,0.6,1
304,5,4,1,1
304,5,5,0.8,1
304,5,6,0.8,1
304,6,1,1,1
304,6,2,0.6,1
304,6,3,0.2,1
304,6,4,1,1
304,6,5,1,1
304,6,6,1,1
304,7,1,0.8333333333333334,2
304,7,2,0.5384615384615384,1
304,7,3,0.4444444444444444,1
304,7,4,1,1
304,7,5,0.8,1
304,7,6,1,0
304,8,1,0.25,2
304,8,2,0.25,1
304,8,3,0.7777777777777778,1
304,8,4,0.875,1
304,8,5,0.9090909090909091,1
304,8,6,1,0
304,9,1,1,1
304,9,2,0.14285714285714285,1
304,9,3,0.3333333333333333,2
304,9,4,1,0
304,9,5,0.5,2
304,9,6,1,0
304,10,1,1,3
304,10,2,0.6,1
304,10,3,1,0
304,10,4,0.3333333333333333,1
304,10,5,1,1
304,10,6,1,0
306,1,1,0.8,1
306,1,2,0.8,1
306,1,3,0.8,1
306,1,4,1,1
306,1,5,0.8,1
306,1,6,0.8,1
306,2,1,1,1
306,2,2,0.8,1
306,2,3,1,1
306,2,4,1,1
306,2,5,0.8,1
306,2,6,0.8,1
306,3,1,1,1
306,3,2,0.8,1
306,3,3,1,1
306,3,4,1,1
306,3,5,0.8,1
306,3,6,0.8,1
306,4,1,0.8,1
306,4,2,0.8,1
306,4,3,0.8,1
306,4,4,1,1
306,4,5,1,1
306,4,6,0.8,1
306,5,1,0.8,1
306,5,2,0.8,1
306,5,3,1,1
306,5,4,1,1
306,5,5,0.8,1
306,5,6,0.8,1
306,6,1,1,1
306,6,2,0.8,1
306,6,3,0.8,1
306,6,4,1,1
306,6,5,1,1
306,6,6,0.8,1
309,1,1,0.8,1
309,1,2,0.4,1
309,1,3,1,1
309,1,4,0.6,1
309,1,5,1,1
309,1,6,1,1
309,2,1,1,1
309,2,2,0.8,1
309,2,3,1,1
309,2,4,1,1
309,2,5,1,1
309,2,6,1,1
309,3,1,1,1
309,3,2,0.8,1
309,3,3,1,1
309,3,4,0.8,1
309,3,5,1,1
309,3,6,1,1
309,4,1,1,1
309,4,2,0.6,1
309,4,3,0.8,1
309,4,4,1,1
309,4,5,1,1
309,4,6,1,1
309,5,1,1,1
309,5,2,0.8,1
309,5,3,0.8,1
309,5,4,0.8,1
309,5,5,1,1
309,5,6,0.8,1
309,6,1,0.5714285714285714,1
309,6,2,0.8,1
309,6,3,1,1
309,6,4,1,1
309,6,5,0.8,1
309,6,6,0.8,1
309,7,1,0.6666666666666666,2
309,7,2,0.7692307692307693,1
309,7,3,1,1
309,7,4,1,1
309,7,5,1,1
309,7,6,1,0
309,8,1,1,2
309,8,2,0.875,1
309,8,3,1,1
309,8,4,0.75,1
309,8,5,1,1
309,8,6,0.875,0
310,1,1,0.8,1
310,1,2,0.6,1
310,1,3,0.6,1
310,1,4,0.8,1
310,1,5,1,1
310,1,6,0.8,1
310,2,1,0.6,1
310,2,2,0.6,1
310,2,3,0.8,1
310,2,4,0.6,1
310,2,5,0.8,1
310,2,6,0.8,1
310,3,1,0.6,1
310,3,2,0.8,1
310,3,3,0.6,1
310,3,4,0.8,1
310,3,5,0.8,1
310,3,6,0.8,1
310,4,1,1,1
310,4,2,0.8,1
310,4,3,1,1
310,4,4,0.8,1
310,4,5,1,1
310,4,6,0.8,1
310,5,1,0.6,0
310,5,2,0.8,1
310,5,3,1,1
310,5,4,0.6,1
310,5,5,0.8,1
310,5,6,0.8,1
312,1,1,0.8,1
312,1,2,1,1
312,1,3,1,1
312,1,4,1,1
312,1,5,0.8,1
312,1,6,0.8,1
312,2,1,0.8,1
312,2,2,1,1
312,2,3,0.8,1
312,2,4,0.8,1
312,2,5,0.6666666666666666,1
312,2,6,1,1
312,3,1,1,1
312,3,2,0.75,1
312,3,3,0.8,1
312,3,4,0.8,1
312,3,5,0.8,1
312,3,6,0.8,1
312,4,1,0.8,1
312,4,2,0.4,1
312,4,3,0.6,1
312,4,4,0.6,1
312,4,5,0.8,1
312,4,6,0.8,1
312,5,1,1,1
312,5,2,0.75,1
312,5,3,0.6,1
312,5,4,0.6,1
312,5,5,0.8,1
312,5,6,0.6,1
312,6,1,0.8571428571428571,1
312,6,2,0.6,1
312,6,3,0.4,1
312,6,4,0.8,1
312,6,5,0.8,1
312,6,6,0.6,1
312,7,1,1,2
312,7,2,0.23076923076923078,1
312,7,3,1,1
312,7,4,0.7142857142857143,1
312,7,5,0.8,1
312,7,6,0.6666666666666666,0
315,1,1,0.6,1
315,1,2,0.6,1
315,1,3,0.8,1
315,1,4,0.6,1
315,1,5,0.6,1
315,1,6,0.8,1
315,2,1,0.8,1
315,2,2,0.8,1
315,2,3,0.8,1
315,2,4,0.8,1
315,2,5,0.6,1
315,2,6,1,1
315,3,1,1,1
315,3,2,0.6,1
315,3,3,0.6,1
315,3,4,0.6,1
315,3,5,0.8,1
315,3,6,1,1
315,4,1,1,1
315,4,2,0.6,0
315,4,3,1,1
315,4,4,0.4,1
315,4,5,0.8,1
315,4,6,1,1
315,5,1,0.8,1
315,5,2,0.6,1
315,5,3,0.8,1
315,5,4,0.8,1
315,5,5,0.8,1
315,5,6,1,1
315,6,1,1,1
315,6,2,1,1
315,6,3,0.8,1
315,6,4,1,1
315,6,5,0.8,1
315,6,6,0.6,1
315,7,1,1,2
315,7,2,0.7692307692307693,1
315,7,3,1,1
315,7,4,0.2857142857142857,1
315,7,5,1,1
315,7,6,1,0
315,8,1,1,2
315,8,2,1,1
315,8,3,1,1
315,8,4,1,1
315,8,5,0.6363636363636364,1
315,8,6,1,0
315,9,1,1,1
315,9,2,1,1
315,9,3,1,2
315,9,4,1,0
315,9,5,1,2
315,9,6,1,0
315,10,1,1,3
315,10,2,1,1
315,10,3,0.75,0
315,10,4,0.8,1
315,10,5,0.6,1
315,10,6,1,0
317,1,1,0.6,1
317,1,2,0.4,1
317,1,3,0.6,1
317,1,4,1,1
317,1,5,1,1
317,1,6,1,0
317,2,1,1,1
317,2,2,0.8,1
317,2,3,0.6,1
317,2,4,1,1
317,2,5,0.6,1
317,2,6,1,1
317,3,1,0.8,1
317,3,2,0.6,1
317,3,3,0.8,1
317,3,4,1,1
317,3,5,0.8,1
317,3,6,1,1
317,4,1,1,1
317,4,2,0.8,1
317,4,3,1,1
317,4,4,0.8,1
317,4,5,0.6,1
317,4,6,0.8,1
317,5,1,1,1
317,5,2,0.8,1
317,5,3,1,1
317,5,4,1,1
317,5,5,0.8,1
317,5,6,1,1
317,6,1,0.8571428571428571,1
317,6,2,1,1
317,6,3,0.4,1
317,6,4,1,1
317,6,5,0.8,1
317,6,6,0.8,1
317,7,1,1,2
317,7,2,0.5384615384615384,1
317,7,3,1,1
317,7,4,1,1
317,7,5,0.8,1
317,7,6,1,0
317,8,1,1,2
317,8,2,1,1
317,8,3,1,1
317,8,4,1,1
317,8,5,0.9090909090909091,1
317,8,6,0.5,0
317,9,2,NaN,1
317,9,4,1,0
317,9,5,0.6666666666666666,0
317,9,6,1,0
318,1,1,0.8,1
318,1,2,0.6,1
318,1,3,0.4,1
318,1,4,1,1
318,1,5,0.6,1
318,1,6,0.8,1
318,2,1,0.8,1
318,2,2,0.6,1
318,2,3,1,1
318,2,4,0.6,1
318,2,5,0.8,1
318,2,6,1,1
318,3,1,0.8,1
318,3,2,0.6,1
318,3,3,0.8,1
318,3,4,0.8,1
318,3,5,1,1
318,3,6,0.8,1
318,4,1,0.8,1
318,4,2,0.2,1
318,4,3,0.6,1
318,4,4,0.6,1
318,4,5,1,1
318,4,6,0.6,1
318,5,1,0.8,1
318,5,2,0.8,1
318,5,3,0.6,1
318,5,4,0.8,1
318,5,5,1,1
318,5,6,0.8,1
318,6,1,0.8571428571428571,1
318,6,2,0.8,1
318,6,3,0.6,1
318,6,4,0.6,1
318,6,5,0.6,1
318,6,6,1,1
318,7,1,1,2
318,7,2,0.3076923076923077,1
318,7,3,0.7777777777777778,1
318,7,4,0.8571428571428571,1
318,7,5,1,1
318,7,6,1,0
320,1,1,1,0
320,1,2,NaN,1
320,1,3,1,0
320,1,4,1,0
320,1,5,1,0
320,1,6,1,0
320,2,1,0.75,1
320,2,2,0.8,0
320,2,3,0.5,1
320,2,4,0.75,1
320,2,5,0.75,1
320,2,6,0.75,1
320,3,1,0.8,1
320,3,2,0.4,0
320,3,3,0.6,1
320,3,4,0.4,1
320,3,5,1,1
320,3,6,0.8,1
323,1,1,0.8,1
323,1,2,0.8,1
323,1,3,0.6,1
323,1,4,1,1
323,1,5,1,1
323,1,6,1,1
323,2,1,1,1
323,2,2,1,1
323,2,3,0.6,1
323,2,4,1,1
323,2,5,1,1
323,2,6,1,1
323,3,1,1,1
323,3,2,1,1
323,3,3,1,1
323,3,4,1,1
323,3,5,1,1
323,3,6,0.8,1
323,4,1,1,1
323,4,2,0.8,1
323,4,3,0.6,1
323,4,4,1,1
323,4,5,1,1
323,4,6,0.8,1
323,5,1,0.8,1
323,5,2,1,1
323,5,3,0.6,1
323,5,4,0.6,1
323,5,5,1,1
323,5,6,1,1
323,6,1,1,1
323,6,2,1,1
323,6,3,1,1
323,6,4,1,1
323,6,5,1,1
323,6,6,1,1
329,1,1,0.6,1
329,1,2,0.4,1
329,1,3,0.6,1
329,1,4,0.8,1
329,1,5,0.8,1
329,1,6,0.8,1
329,2,1,1,1
329,2,2,0.6,1
329,2,3,0.8,1
329,2,4,1,1
329,2,5,1,1
329,2,6,0.8,1
329,3,1,1,1
329,3,2,0.4,1
329,3,3,1,1
329,3,4,0.8,1
329,3,5,1,1
329,3,6,1,1
329,4,1,1,1
329,4,2,0.8,1
329,4,3,0.8,1
329,4,4,1,1
329,4,5,1,1
329,4,6,0.8,1
329,5,1,1,1
329,5,2,0.6,1
329,5,3,0.6,1
329,5,4,1,1
329,5,5,1,1
329,5,6,0.8,1
329,6,1,1,0
329,6,2,1,1
329,6,3,1,1
329,6,4,1,0
329,6,5,1,0
329,6,6,1,0
337,1,1,1,1
337,1,2,0.8,1
337,1,3,0.8,1
337,1,4,1,1
337,1,5,0.8,1
337,1,6,1,1
337,2,1,0.4,0
337,2,2,1,1
337,2,3,1,1
337,2,4,1,1
337,2,5,1,1
337,2,6,0.75,1
337,3,1,1,1
337,3,2,1,1
337,3,3,0.8,1
337,3,4,1,1
337,3,5,0.8,1
337,3,6,0.8,1
337,4,1,1,1
337,4,2,0.8,1
337,4,3,0.8,1
337,4,4,1,1
337,4,5,1,1
337,4,6,0.8,1
337,5,1,1,1
337,5,2,0.4,1
337,5,3,0.8,1
337,5,4,1,1
337,5,5,0.8,1
337,5,6,0.8,1
337,6,1,0.8571428571428571,1
337,6,2,0.8,1
337,6,3,0.8,1
337,6,4,1,1
337,6,5,1,1
337,6,6,0.8,1
337,7,1,0.6666666666666666,2
337,7,2,0.15384615384615385,1
337,7,3,1,1
337,7,4,1,1
337,7,5,0.8,1
337,7,6,0.9166666666666666,0
337,8,1,1,1
337,8,2,0.6666666666666666,1
337,8,3,1,0
337,8,4,0,1
337,8,5,0.8,0
337,8,6,0.8,0
341,1,1,0.8,1
341,1,2,1,1
341,1,3,1,1
341,1,4,0.8,1
341,1,5,1,1
341,1,6,0.8,1
341,2,1,1,1
341,2,2,0.8,1
341,2,3,1,1
341,2,4,1,1
341,2,5,1,1
341,2,6,0.8,1
350,1,1,0.8,1
350,1,2,0.4,1
350,1,3,1,1
350,1,4,1,1
350,1,5,1,1
350,1,6,1,1
350,2,1,0.8,1
350,2,2,0.8,1
350,2,3,0.8,1
350,2,4,0.8,1
350,2,5,0.8,1
350,2,6,0.8,1
350,3,1,0.8,0
350,3,2,0.6,1
350,3,3,0.6,1
350,3,4,0.8,1
350,3,5,1,1
350,3,6,0.8,1
350,4,1,0.8,0
350,4,2,0.8,0
350,4,3,1,1
350,4,4,0.8,1
350,4,5,0.8,1
350,4,6,0.8,1
350,5,1,0.6,0
350,5,2,0.6,1
350,5,3,0.8,1
350,5,4,1,1
350,5,5,0.8,1
350,5,6,0.8,1
350,6,1,1,1
350,6,2,0.8,0
350,6,3,0.4,1
350,6,4,1,1
350,6,5,1,1
350,6,6,1,1
350,7,1,1,1
350,7,2,0.3076923076923077,1
350,7,3,1,1
350,7,4,1,1
350,7,5,1,1
350,7,6,1,0
350,8,1,1,2
350,8,2,0.875,1
350,8,3,1,1
350,8,4,0.5,1
350,8,5,1,1
350,8,6,0.875,0
350,9,1,1,0
350,9,2,0.5555555555555556,0
350,9,3,1,2
350,9,4,1,0
350,9,5,1,2
350,9,6,1,0
350,10,1,1,2
350,10,2,1,1
350,10,3,1,0
350,10,4,1,1
350,10,5,1,1
350,10,6,0.5714285714285714,0
351,1,1,0.6,1
351,1,2,0.6,1
351,1,3,0.6,1
351,1,4,1,1
351,1,5,0.8,1
351,1,6,0.8,1
351,2,1,1,1
351,2,2,0.8,1
351,2,3,0.8,1
351,2,4,0.8,1
351,2,5,0.8,1
351,2,6,1,1
351,3,1,0.8,1
351,3,2,0.8,1
351,3,3,0.8,1
351,3,4,0.8,1
351,3,5,1,1
351,3,6,0.8,1
351,4,1,0.8,1
351,4,2,0.6,1
351,4,3,0.6,1
351,4,4,1,1
351,4,5,1,1
351,4,6,0.8,1
351,5,1,0.8,1
351,5,2,0.6,1
351,5,3,0.8,1
351,5,4,0.6,1
351,5,5,1,1
351,5,6,0.8,1
351,6,1,0.8571428571428571,0
351,6,2,0.6,1
351,6,3,0.6,1
351,6,4,1,1
351,6,5,0.6,1
351,6,6,0.8,1
351,7,1,1,2
351,7,2,0,1
351,7,3,1,1
351,7,4,1,1
351,7,5,0.8,1
351,7,6,0.9166666666666666,0
351,8,1,1,1
351,8,2,0.875,1
351,8,3,0.8888888888888888,1
351,8,4,1,1
351,8,5,1,1
351,8,6,0.875,0
351,9,1,1,1
351,9,2,0.7777777777777778,1
351,9,3,1,2
351,9,4,0.875,0
351,9,5,1,2
351,9,6,0.9166666666666666,0
351,10,1,1,3
351,10,2,0.5384615384615384,1
351,10,3,1,0
351,10,4,1,1
351,10,5,1,1
351,10,6,0.35714285714285715,0
352,1,1,0.8,1
352,1,2,0.8,1
352,1,3,1,1
352,1,4,1,1
352,1,5,0.8,1
352,1,6,0.8,1
352,2,1,0.8,1
352,2,2,0.8,1
352,2,3,1,1
352,2,4,1,1
352,2,5,1,1
352,2,6,1,1
352,3,1,1,0
352,3,2,1,1
352,3,3,1,1
352,3,4,1,0
352,3,5,1,1
352,3,6,0.75,0
354,1,1,0.8,1
354,1,2,0.8,1
354,1,3,0.4,1
354,1,4,0.6,1
354,1,5,0.8,1
354,1,6,0.8,1
354,2,1,1,1
354,2,2,0.8,1
354,2,3,0.6,1
354,2,4,0.8,1
354,2,5,1,1
354,2,6,0.8,1
354,3,1,1,1
354,3,2,0.6,1
354,3,3,1,1
354,3,4,1,1
354,3,5,1,1
354,3,6,0.8,1
354,4,1,1,1
354,4,2,0.8,1
354,4,3,1,1
354,4,4,0.8,1
354,4,5,1,1
354,4,6,0.8,1
354,5,1,1,1
354,5,2,0.8,1
354,5,3,0.8,1
354,5,4,0.8,1
354,5,5,0.8,1
354,5,6,0.8,1
354,6,1,1,1
354,6,2,1,0
354,6,3,0.6,1
354,6,4,0.8,1
354,6,5,1,1
354,6,6,0.8,1
354,7,1,0.6666666666666666,1
354,7,2,0,1
354,7,3,1,1
354,7,4,0.8571428571428571,1
354,7,5,1,1
354,7,6,0.9166666666666666,0
354,8,1,0.875,2
354,8,2,0.875,1
354,8,3,1,1
354,8,4,1,1
354,8,5,1,1
354,8,6,1,0
354,9,1,1,1
354,9,2,0.5555555555555556,1
354,9,3,1,2
354,9,4,1,0
354,9,5,1,2
354,9,6,1,0
354,10,1,1,3
354,10,2,0.8461538461538461,1
354,10,3,0.6666666666666666,0
354,10,4,1,1
354,10,5,1,1
354,10,6,0.35714285714285715,0
356,1,1,0.8,1
356,1,2,0.8,1
356,1,3,0.8,1
356,1,4,0.6,1
356,1,5,0.8,1
356,1,6,0.8,1
356,2,1,1,1
356,2,2,0.6,1
356,2,3,0.8,1
356,2,4,0.6,1
356,2,5,0.6,1
356,2,6,0.8,1
356,3,1,1,1
356,3,2,0.8,1
356,3,3,0.4,1
356,3,4,0.4,1
356,3,5,0.8,1
356,3,6,0.8,1
356,4,1,0.8,1
356,4,2,0.6,1
356,4,3,0.6,1
356,4,4,0.4,1
356,4,5,0.6,1
356,4,6,0.8,1
356,5,1,0.8,1
356,5,2,0.8,1
356,5,3,0.6,1
356,5,4,0.4,1
356,5,5,0.8,1
356,5,6,0.6,1
356,6,1,0.8571428571428571,1
356,6,2,0.8,1
356,6,3,0.6,1
356,6,4,0.6,1
356,6,5,0.4,1
356,6,6,0.8,1
356,7,1,0.8333333333333334,2
356,7,2,0.7692307692307693,1
356,7,3,1,1
356,7,4,0.14285714285714285,1
356,7,5,0.8,1
356,7,6,0.9166666666666666,0
356,8,1,0.5,2
356,8,2,0.75,1
356,8,3,0.8888888888888888,1
356,8,4,0.25,1
356,8,5,0.9090909090909091,1
356,8,6,0.75,0
356,9,1,1,1
356,9,2,0.3333333333333333,1
356,9,3,1,2
356,9,4,0.75,0
356,9,5,0.5,2
356,9,6,0.9166666666666666,0
356,10,1,1,3
356,10,2,0.3076923076923077,1
356,10,3,0.3333333333333333,0
356,10,4,0.4,1
356,10,5,1,1
356,10,6,0.5714285714285714,0
2001,1,1,0.6,1
2001,1,2,1,1
2001,1,3,1,1
2001,1,4,0.8,1
2001,1,5,0.8,1
2001,1,6,0.8,1
2001,2,1,0.8,1
2001,2,2,0.6,1
2001,2,3,0.6,1
2001,2,4,0.8,1
2001,2,5,0.8,1
2001,2,6,1,1
2001,3,1,1,1
2001,3,2,1,1
2001,3,3,0.8,1
2001,3,4,0.8,1
2001,3,5,0.6,1
2001,3,6,0.8,1
2001,4,1,0.8,1
2001,4,2,0.8,1
2001,4,3,1,1
2001,4,4,0.8,1
2001,4,5,0.6,1
2001,4,6,1,1
2002,1,1,0.8,1
2002,1,2,0.6,1
2002,1,3,0.6,1
2002,1,4,0.4,1
2002,1,5,0.6,1
2002,1,6,0.8,1
2002,2,1,0.8,1
2002,2,2,0.2,1
2002,2,3,0.6,1
2002,2,4,0.6,1
2002,2,5,0.8,1
2002,2,6,0.8,1
2002,3,1,0.8,1
2002,3,2,0.2,1
2002,3,3,0.6,1
2002,3,4,0.4,1
2002,3,5,0.6,1
2002,3,6,0.8,1
2002,4,1,1,1
2002,4,2,0.2,1
2002,4,3,0.6,1
2002,4,4,0.4,1
2002,4,5,0.75,1
2002,4,6,0.6,1
2002,5,1,1,1
2002,5,2,0.4,1
2002,5,3,0.6,1
2002,5,4,0.4,1
2002,5,5,0.6,1
2002,5,6,0.8,1
2002,6,1,0.8571428571428571,1
2002,6,2,0.8,1
2002,6,3,0.4,1
2002,6,4,0.6,1
2002,6,5,0.8,1
2002,6,6,0.6,1
2002,7,1,1,2
2002,7,2,0,1
2002,7,3,1,1
2002,7,4,1,1
2002,7,5,1,1
2002,7,6,0.9166666666666666,0
2002,8,1,1,2
2002,8,2,1,1
2002,8,3,0.8888888888888888,1
2002,8,4,0.75,1
2002,8,5,1,1
2002,8,6,0.875,0
2002,9,1,1,1
2002,9,2,0.6666666666666666,1
2002,9,3,1,2
2002,9,4,0.75,0
2002,9,5,1,2
2002,9,6,0.9166666666666666,0
2002,10,1,1,2
2002,10,2,0.5384615384615384,1
2002,10,3,1,0
2002,10,4,1,1
2002,10,5,1,1
2002,10,6,0.5714285714285714,0
